"","ID","Age","BusinessTravel","DailyRate","Department","DistanceFromHome","Education","EducationField","EmployeeNumber","EnvironmentSatisfaction","Gender","HourlyRate","JobInvolvement","JobLevel","JobRole","JobSatisfaction","MaritalStatus","MonthlyIncome","MonthlyRate","NumCompaniesWorked","OverTime","PercentSalaryHike","PerformanceRating","RelationshipSatisfaction","StockOptionLevel","TotalWorkingYears","TrainingTimesLastYear","WorkLifeBalance","YearsAtCompany","YearsInCurrentRole","YearsSinceLastPromotion","YearsWithCurrManager"
"1",1171,"29 to 39","Travel_Rarely","Medium (451-800)","Research & Development",">=16",3,"Life Sciences",1596,"medium","Male","Medium (41-60)","very high",2,"Laboratory Technician","high","Married","Low(1000-4000)",25348,1,"No",17,"high","very high",2,10,3,"medium","low-Medium (6-10 Years)",9,6,8
"2",1172,"29 to 39","Travel_Rarely","Low(100-450)","Human Resources","<=2 miles",3,"Human Resources",1207,"medium","Male","Very High (81-110)","high",1,"Human Resources","high","Married","Low(1000-4000)",8429,1,"No",13,"high","very high",1,5,2,"high","Low(0-5 Years)",4,1,4
"3",1173,"18 to 28","Travel_Rarely","Very High (1151-1500)","Research & Development",">=16",3,"Medical",1107,"low","Male","Low(0-40)","high",1,"Laboratory Technician","high","Divorced","Low(1000-4000)",19373,1,"No",20,"very high","high",1,1,0,"medium","Low(0-5 Years)",1,0,0
"4",1174,"51 to 60","Travel_Rarely","Very High (1151-1500)","Research & Development","<=2 miles",3,"Life Sciences",505,"high","Female","Very High (81-110)","high",4,"Manager","very high","Single","Very High (16001-19999)",23258,2,"Yes",13,"high","high",0,30,2,"high","Low(0-5 Years)",4,1,2
"5",1175,"29 to 39","Travel_Rarely","Very High (1151-1500)","Sales",">=16",3,"Life Sciences",1497,"high","Male","High (61-80)","medium",2,"Sales Executive","high","Divorced","Medium (7001-10000)",23757,1,"No",14,"high","high",2,10,3,"high","low-Medium (6-10 Years)",7,0,4
"6",1176,"51 to 60","Travel_Frequently","Very High (1151-1500)","Research & Development","<=2 miles",4,"Medical",145,"low","Female","Low(0-40)","medium",3,"Healthcare Representative","low","Single","Medium (7001-10000)",25796,3,"No",20,"very high","high",0,23,1,"medium","Medium (11-15 Years)",12,12,8
"7",1177,"51 to 60","Non-Travel","Medium (451-800)","Sales",">=16",4,"Life Sciences",2019,"low","Male","Low(0-40)","high",1,"Sales Representative","very high","Divorced","Low(1000-4000)",19788,2,"No",15,"high","medium",2,16,3,"medium","low-Medium (6-10 Years)",8,0,0
"8",1178,"29 to 39","Travel_Rarely","Very High (1151-1500)","Research & Development","10-15 miles",5,"Medical",1618,"medium","Male","High (61-80)","high",2,"Manufacturing Director","low","Married","low-Medium (4001-7000)",3835,2,"No",13,"high","very high",3,10,3,"high","low-Medium (6-10 Years)",7,7,7
"9",1179,"29 to 39","Travel_Rarely","High (801-1150)","Research & Development",">=16",3,"Medical",1252,"high","Female","Very High (81-110)","medium",2,"Healthcare Representative","low","Single","low-Medium (4001-7000)",17198,1,"No",19,"high","medium",0,10,2,"high","low-Medium (6-10 Years)",9,1,8
"10",1180,"29 to 39","Travel_Frequently","Medium (451-800)","Research & Development",">=16",3,"Life Sciences",587,"low","Male","High (61-80)","high",3,"Healthcare Representative","high","Married","Medium (7001-10000)",22908,3,"No",12,"high","low",0,12,2,"high","Low(0-5 Years)",0,0,0
"11",1181,"40 to 50","Travel_Frequently","Very High (1151-1500)","Research & Development","6-9 miles",4,"Medical",964,"very high","Male","Low(0-40)","high",1,"Research Scientist","medium","Divorced","Low(1000-4000)",25063,8,"Yes",14,"high","very high",1,3,2,"high","Low(0-5 Years)",1,0,0
"12",1182,"29 to 39","Travel_Rarely","High (801-1150)","Research & Development","<=2 miles",4,"Medical",95,"high","Male","Very High (81-110)","high",1,"Research Scientist","medium","Single","Low(1000-4000)",18775,1,"No",17,"high","medium",0,1,4,"high","Low(0-5 Years)",1,1,0
"13",1183,"29 to 39","Non-Travel","Medium (451-800)","Research & Development","3-5 miles",3,"Technical Degree",1771,"very high","Male","Very High (81-110)","high",2,"Research Scientist","medium","Divorced","Low(1000-4000)",6194,5,"No",15,"high","very high",2,11,2,"medium","low-Medium (6-10 Years)",8,1,7
"14",1184,"40 to 50","Travel_Rarely","Medium (451-800)","Research & Development","<=2 miles",3,"Medical",815,"high","Male","High (61-80)","high",4,"Research Director","high","Married","Very High (16001-19999)",6881,5,"No",16,"high","very high",0,30,3,"high","Low(0-5 Years)",3,0,3
"15",1185,"29 to 39","Travel_Rarely","Medium (451-800)","Research & Development","6-9 miles",5,"Life Sciences",1515,"very high","Male","High (61-80)","high",2,"Healthcare Representative","high","Single","low-Medium (4001-7000)",22049,2,"Yes",17,"high","low",0,14,6,"high","Low(0-5 Years)",0,0,0
"16",1186,"40 to 50","Non-Travel","Low(100-450)","Research & Development",">=16",2,"Life Sciences",1976,"very high","Male","Low(0-40)","medium",2,"Research Scientist","high","Single","low-Medium (4001-7000)",14811,1,"No",12,"high","very high",0,20,2,"high","Medium-High (16-20 Years)",9,3,7
"17",1187,"29 to 39","Travel_Rarely","Medium (451-800)","Research & Development",">=16",3,"Life Sciences",1545,"very high","Male","Medium (41-60)","medium",2,"Manufacturing Director","medium","Single","low-Medium (4001-7000)",24152,1,"No",13,"high","very high",0,5,2,"high","Low(0-5 Years)",3,0,2
"18",1188,"29 to 39","Travel_Rarely","Medium (451-800)","Research & Development","<=2 miles",3,"Life Sciences",1264,"very high","Female","Very High (81-110)","medium",4,"Research Director","very high","Divorced","Very High (16001-19999)",3423,3,"No",14,"high","medium",2,9,2,"medium","low-Medium (6-10 Years)",7,1,7
"19",1189,"51 to 60","Travel_Rarely","Low(100-450)","Sales","<=2 miles",1,"Medical",842,"high","Male","Low(0-40)","high",2,"Sales Executive","very high","Single","low-Medium (4001-7000)",21519,4,"No",16,"high","high",0,12,3,"medium","low-Medium (6-10 Years)",7,7,3
"20",1190,"40 to 50","Travel_Rarely","Very High (1151-1500)","Sales","10-15 miles",3,"Marketing",840,"high","Female","Medium (41-60)","high",3,"Sales Executive","very high","Married","Medium (7001-10000)",5860,1,"No",18,"high","low",2,9,3,"very high","low-Medium (6-10 Years)",8,7,7
"21",1191,"29 to 39","Travel_Rarely","Low(100-450)","Research & Development",">=16",4,"Life Sciences",2010,"high","Female","Medium (41-60)","medium",1,"Laboratory Technician","medium","Single","Low(1000-4000)",15919,1,"No",13,"high","high",0,6,3,"high","low-Medium (6-10 Years)",2,4,1
"22",1192,"40 to 50","Travel_Rarely","High (801-1150)","Research & Development","<=2 miles",2,"Medical",997,"very high","Male","High (61-80)","high",4,"Research Director","very high","Divorced","Very High (16001-19999)",6615,9,"No",22,"very high","high",1,32,1,"medium","Low(0-5 Years)",4,1,3
"23",1193,"51 to 60","Travel_Rarely","Low(100-450)","Research & Development","10-15 miles",3,"Medical",1980,"high","Female","High (61-80)","high",2,"Manufacturing Director","low","Single","low-Medium (4001-7000)",25198,6,"Yes",19,"high","very high",0,9,3,"high","Low(0-5 Years)",2,1,4
"24",1194,"18 to 28","Travel_Frequently","High (801-1150)","Human Resources","10-15 miles",3,"Medical",1746,"low","Male","Medium (41-60)","high",1,"Human Resources","very high","Married","Low(1000-4000)",2097,0,"No",14,"high","very high",1,3,2,"high","Low(0-5 Years)",2,2,1
"25",1195,"40 to 50","Travel_Rarely","High (801-1150)","Research & Development",">=16",3,"Medical",1460,"medium","Male","Very High (81-110)","low",3,"Healthcare Representative","low","Divorced","Medium-High (10001-13000)",19863,2,"Yes",18,"high","medium",1,24,2,"high","low-Medium (6-10 Years)",7,0,7
"26",1196,"29 to 39","Non-Travel","Medium (451-800)","Sales","10-15 miles",4,"Medical",592,"medium","Male","Low(0-40)","high",3,"Sales Executive","very high","Single","Medium (7001-10000)",15318,1,"No",14,"high","very high",0,10,3,"medium","low-Medium (6-10 Years)",3,9,7
"27",1197,"40 to 50","Non-Travel","Medium (451-800)","Human Resources","3-5 miles",3,"Human Resources",1722,"high","Male","Medium (41-60)","low",2,"Human Resources","medium","Married","low-Medium (4001-7000)",20794,6,"No",19,"high","medium",1,10,4,"high","Low(0-5 Years)",2,1,2
"28",1198,"18 to 28","Travel_Rarely","Very High (1151-1500)","Sales",">=16",1,"Technical Degree",669,"high","Male","Medium (41-60)","high",1,"Sales Representative","high","Single","Low(1000-4000)",24444,1,"No",11,"high","high",0,3,2,"high","Low(0-5 Years)",2,1,2
"29",1199,"29 to 39","Travel_Rarely","Low(100-450)","Sales",">=16",2,"Marketing",1908,"high","Male","Low(0-40)","medium",2,"Sales Executive","medium","Married","low-Medium (4001-7000)",16822,2,"No",16,"high","high",2,12,1,"low","Low(0-5 Years)",2,1,3
"30",1200,"29 to 39","Travel_Frequently","Low(100-450)","Research & Development","3-5 miles",3,"Medical",1017,"medium","Female","Medium (41-60)","high",1,"Laboratory Technician","medium","Single","Low(1000-4000)",25725,0,"No",17,"high","low",0,4,3,"high","Low(0-5 Years)",2,1,2
"31",1201,"29 to 39","Travel_Frequently","Low(100-450)","Research & Development","<=2 miles",4,"Medical",1704,"low","Male","High (61-80)","medium",1,"Research Scientist","very high","Single","low-Medium (4001-7000)",13970,0,"Yes",14,"high","high",0,6,2,"very high","Low(0-5 Years)",4,1,4
"32",1202,"40 to 50","Travel_Rarely","Medium (451-800)","Research & Development","10-15 miles",4,"Life Sciences",1727,"high","Male","Low(0-40)","high",2,"Healthcare Representative","medium","Single","low-Medium (4001-7000)",9697,6,"No",14,"high","very high",0,19,3,"high","low-Medium (6-10 Years)",7,0,9
"33",1203,"29 to 39","Travel_Rarely","High (801-1150)","Sales","<=2 miles",5,"Life Sciences",985,"low","Male","Medium (41-60)","very high",3,"Sales Executive","high","Single","Medium (7001-10000)",2560,0,"No",18,"high","very high",0,9,3,"high","low-Medium (6-10 Years)",7,0,7
"34",1204,"29 to 39","Travel_Rarely","Low(100-450)","Research & Development",">=16",4,"Medical",1826,"medium","Male","Very High (81-110)","low",1,"Laboratory Technician","high","Married","Low(1000-4000)",9696,0,"No",16,"high","medium",1,6,2,"very high","Low(0-5 Years)",4,0,3
"35",1205,"18 to 28","Travel_Rarely","Very High (1151-1500)","Research & Development","10-15 miles",3,"Life Sciences",1079,"high","Female","Low(0-40)","medium",1,"Laboratory Technician","low","Single","Low(1000-4000)",17258,1,"No",13,"high","low",0,1,6,"medium","Low(0-5 Years)",0,1,0
"36",1206,"29 to 39","Travel_Rarely","Very High (1151-1500)","Sales",">=16",1,"Life Sciences",1479,"very high","Male","Very High (81-110)","high",2,"Sales Executive","high","Married","low-Medium (4001-7000)",2939,8,"No",15,"high","high",2,4,2,"medium","Low(0-5 Years)",1,2,2
"37",1207,"40 to 50","Travel_Frequently","Medium (451-800)","Sales",">=16",3,"Marketing",404,"high","Female","High (61-80)","high",4,"Sales Executive","medium","Married","High (13001-16000)",14864,5,"No",14,"high","very high",1,23,2,"very high","Medium-High (16-20 Years)",4,4,8
"38",1208,"40 to 50","Travel_Frequently","Very High (1151-1500)","Research & Development","<=2 miles",4,"Medical",1922,"medium","Male","Medium (41-60)","high",2,"Healthcare Representative","high","Single","low-Medium (4001-7000)",14511,4,"No",12,"high","high",0,12,3,"high","Low(0-5 Years)",2,0,3
"39",1209,"29 to 39","Travel_Frequently","Medium (451-800)","Research & Development","6-9 miles",2,"Medical",444,"high","Male","Medium (41-60)","medium",5,"Manager","very high","Married","Very High (16001-19999)",21141,1,"No",15,"high","low",1,21,2,"high","High (21-25 Years)",9,13,3
"40",1210,"40 to 50","Travel_Rarely","Medium (451-800)","Research & Development","<=2 miles",3,"Life Sciences",1263,"very high","Male","High (61-80)","medium",5,"Research Director","very high","Single","Very High (16001-19999)",8733,6,"No",12,"high","high",0,25,3,"very high","Low(0-5 Years)",0,0,0
"41",1211,"29 to 39","Travel_Rarely","Low(100-450)","Research & Development","3-5 miles",5,"Technical Degree",193,"very high","Female","Low(0-40)","high",2,"Research Scientist","high","Single","low-Medium (4001-7000)",2302,3,"Yes",20,"very high","medium",0,19,2,"high","Low(0-5 Years)",2,2,2
"42",1212,"18 to 28","Travel_Rarely","Medium (451-800)","Research & Development","3-5 miles",1,"Medical",1623,"high","Male","Very High (81-110)","high",1,"Research Scientist","very high","Single","Low(1000-4000)",26009,1,"No",18,"high","high",0,3,2,"high","Low(0-5 Years)",2,2,2
"43",1213,"51 to 60","Travel_Rarely","High (801-1150)","Research & Development","6-9 miles",3,"Medical",84,"very high","Female","Low(0-40)","high",4,"Manager","high","Divorced","High (13001-16000)",19730,2,"Yes",14,"high","high",3,21,2,"high","Low(0-5 Years)",0,0,2
"44",1214,"51 to 60","Travel_Rarely","Very High (1151-1500)","Research & Development",">=16",4,"Medical",1283,"very high","Male","High (61-80)","high",3,"Manufacturing Director","very high","Single","Medium-High (10001-13000)",20002,6,"No",12,"high","very high",0,25,6,"medium","low-Medium (6-10 Years)",7,5,4
"45",1215,"51 to 60","Travel_Rarely","High (801-1150)","Research & Development","6-9 miles",3,"Medical",214,"medium","Female","High (61-80)","medium",1,"Research Scientist","medium","Married","Low(1000-4000)",11873,4,"Yes",20,"very high","medium",1,9,3,"medium","Low(0-5 Years)",0,0,0
"46",1216,"40 to 50","Travel_Frequently","High (801-1150)","Research & Development","<=2 miles",1,"Life Sciences",1941,"medium","Male","Medium (41-60)","high",5,"Research Director","very high","Married","Very High (16001-19999)",13738,3,"No",15,"high","very high",0,28,3,"high","Low(0-5 Years)",4,4,3
"47",1217,"51 to 60","Travel_Rarely","Very High (1151-1500)","Research & Development","3-5 miles",2,"Life Sciences",546,"very high","Female","Low(0-40)","high",4,"Manager","very high","Married","Very High (16001-19999)",10310,2,"No",13,"high","very high",0,31,2,"low","Low(0-5 Years)",2,1,4
"48",1218,"29 to 39","Travel_Rarely","Medium (451-800)","Sales","6-9 miles",2,"Marketing",1787,"medium","Male","Medium (41-60)","medium",2,"Sales Executive","medium","Married","low-Medium (4001-7000)",8800,1,"No",14,"high","low",2,5,2,"high","Low(0-5 Years)",2,0,3
"49",1219,"29 to 39","Non-Travel","Very High (1151-1500)","Research & Development","3-5 miles",2,"Technical Degree",1440,"high","Male","Very High (81-110)","very high",1,"Laboratory Technician","high","Single","Low(1000-4000)",25470,0,"No",14,"high","low",0,7,2,"low","low-Medium (6-10 Years)",5,1,3
"50",1220,"18 to 28","Travel_Frequently","High (801-1150)","Research & Development","<=2 miles",1,"Medical",1068,"low","Female","High (61-80)","medium",1,"Research Scientist","high","Divorced","Low(1000-4000)",25265,1,"No",13,"high","high",2,5,5,"high","Low(0-5 Years)",3,1,3
"51",1221,"51 to 60","Travel_Rarely","Medium (451-800)","Sales","3-5 miles",4,"Marketing",776,"high","Male","Low(0-40)","medium",4,"Manager","low","Married","Very High (16001-19999)",10084,1,"No",11,"high","low",0,34,3,"very high",">30 Years",6,1,16
"52",1222,"29 to 39","Travel_Frequently","Very High (1151-1500)","Research & Development","3-5 miles",4,"Life Sciences",5,"very high","Female","Medium (41-60)","high",1,"Research Scientist","high","Married","Low(1000-4000)",23159,1,"Yes",11,"high","high",0,8,3,"high","low-Medium (6-10 Years)",7,3,0
"53",1223,"29 to 39","Non-Travel","Low(100-450)","Research & Development","<=2 miles",3,"Life Sciences",882,"very high","Male","High (61-80)","high",1,"Laboratory Technician","very high","Divorced","Low(1000-4000)",9148,0,"No",12,"high","medium",1,4,2,"high","Low(0-5 Years)",0,0,2
"54",1224,"51 to 60","Travel_Rarely","Very High (1151-1500)","Sales","10-15 miles",2,"Life Sciences",500,"high","Female","Very High (81-110)","high",2,"Sales Executive","very high","Married","low-Medium (4001-7000)",14862,4,"No",11,"high","high",1,18,2,"medium","low-Medium (6-10 Years)",7,0,7
"55",1225,"29 to 39","Travel_Rarely","Very High (1151-1500)","Sales","3-5 miles",4,"Life Sciences",182,"very high","Female","Medium (41-60)","medium",2,"Sales Executive","high","Married","low-Medium (4001-7000)",14590,4,"No",14,"high","high",1,17,1,"very high","Medium (11-15 Years)",11,5,9
"56",1226,"29 to 39","Travel_Frequently","Very High (1151-1500)","Research & Development","<=2 miles",1,"Life Sciences",531,"medium","Male","Medium (41-60)","high",5,"Manager","high","Divorced","Very High (16001-19999)",8213,1,"Yes",14,"high","high",1,21,3,"high","High (21-25 Years)",8,1,6
"57",1227,"29 to 39","Travel_Rarely","Medium (451-800)","Research & Development","<=2 miles",4,"Other",780,"very high","Male","High (61-80)","high",1,"Research Scientist","very high","Single","Low(1000-4000)",5207,1,"Yes",13,"high","high",0,10,2,"medium","low-Medium (6-10 Years)",9,7,8
"58",1228,"29 to 39","Non-Travel","Very High (1151-1500)","Research & Development","3-5 miles",3,"Life Sciences",562,"high","Male","Medium (41-60)","high",1,"Laboratory Technician","very high","Married","Low(1000-4000)",16734,4,"No",15,"high","high",1,9,3,"low","Low(0-5 Years)",3,1,4
"59",1229,"29 to 39","Travel_Rarely","High (801-1150)","Sales","10-15 miles",2,"Marketing",1754,"high","Male","Very High (81-110)","medium",3,"Sales Executive","low","Divorced","Medium (7001-10000)",3088,2,"No",11,"high","low",1,12,2,"high","low-Medium (6-10 Years)",7,1,7
"60",1230,"40 to 50","Travel_Rarely","High (801-1150)","Research & Development","6-9 miles",4,"Life Sciences",874,"low","Male","High (61-80)","very high",1,"Laboratory Technician","very high","Married","Low(1000-4000)",5044,2,"Yes",24,"very high","high",1,10,2,"medium","Low(0-5 Years)",2,0,2
"61",1231,"40 to 50","Travel_Rarely","Very High (1151-1500)","Sales","<=2 miles",4,"Life Sciences",558,"high","Female","High (61-80)","high",5,"Manager","high","Married","Very High (16001-19999)",13022,0,"No",14,"high","very high",0,21,2,"high","Medium-High (16-20 Years)",15,1,12
"62",1232,"29 to 39","Travel_Rarely","Medium (451-800)","Research & Development","<=2 miles",4,"Life Sciences",1721,"medium","Male","High (61-80)","high",1,"Laboratory Technician","high","Married","Low(1000-4000)",18103,1,"No",14,"high","very high",1,6,2,"very high","Low(0-5 Years)",2,0,3
"63",1233,"18 to 28","Travel_Rarely","High (801-1150)","Research & Development","10-15 miles",3,"Medical",1016,"very high","Female","Very High (81-110)","medium",1,"Research Scientist","low","Single","Low(1000-4000)",18275,1,"Yes",15,"high","low",0,1,2,"high","Low(0-5 Years)",0,0,0
"64",1234,"40 to 50","Travel_Frequently","Medium (451-800)","Sales","10-15 miles",3,"Life Sciences",1167,"high","Male","Medium (41-60)","high",4,"Sales Executive","low","Single","High (13001-16000)",2447,0,"Yes",12,"high","medium",0,22,2,"medium","High (21-25 Years)",9,13,14
"65",1235,"29 to 39","Travel_Rarely","Medium (451-800)","Research & Development","10-15 miles",3,"Medical",1516,"high","Male","High (61-80)","high",3,"Manager","very high","Single","Medium-High (10001-13000)",21072,2,"No",25,"very high","medium",0,10,5,"very high","Low(0-5 Years)",2,0,0
"66",1236,"29 to 39","Travel_Rarely","Low(100-450)","Sales",">=16",3,"Marketing",819,"low","Female","High (61-80)","high",2,"Sales Executive","low","Single","low-Medium (4001-7000)",26507,5,"No",15,"high","high",0,6,3,"high","Low(0-5 Years)",2,0,2
"67",1237,"51 to 60","Travel_Rarely","Low(100-450)","Research & Development",">=16",4,"Life Sciences",901,"very high","Female","High (61-80)","high",4,"Research Director","very high","Single","High (13001-16000)",20206,6,"No",18,"high","high",0,33,0,"high","Medium (11-15 Years)",9,3,8
"68",1238,"29 to 39","Travel_Frequently","High (801-1150)","Sales","3-5 miles",1,"Life Sciences",1395,"medium","Male","High (61-80)","high",2,"Sales Executive","very high","Married","Medium (7001-10000)",19293,6,"No",13,"high","low",0,8,2,"very high","Low(0-5 Years)",4,1,2
"69",1239,"18 to 28","Travel_Frequently","Medium (451-800)","Sales",">=16",3,"Medical",632,"very high","Male","Low(0-40)","high",1,"Sales Representative","very high","Married","Low(1000-4000)",5530,0,"No",13,"high","high",2,3,3,"high","Low(0-5 Years)",2,2,1
"70",1240,"40 to 50","Travel_Rarely","Medium (451-800)","Research & Development","6-9 miles",4,"Medical",1292,"medium","Female","High (61-80)","very high",2,"Research Scientist","medium","Married","Low(1000-4000)",5628,6,"Yes",16,"high","very high",0,18,2,"high","Low(0-5 Years)",0,0,0
"71",1241,"29 to 39","Travel_Rarely","Medium (451-800)","Research & Development","6-9 miles",4,"Life Sciences",496,"high","Male","Very High (81-110)","medium",2,"Healthcare Representative","medium","Single","low-Medium (4001-7000)",19394,9,"No",19,"high","high",0,10,5,"high","Low(0-5 Years)",1,0,0
"72",1242,"40 to 50","Travel_Rarely","Low(100-450)","Research & Development",">=16",4,"Other",1225,"very high","Male","Low(0-40)","high",2,"Research Scientist","very high","Single","low-Medium (4001-7000)",7744,1,"No",25,"very high","medium",0,20,3,"high","Medium-High (16-20 Years)",11,13,17
"73",1243,"51 to 60","Travel_Rarely","Low(100-450)","Research & Development",">=16",4,"Medical",799,"very high","Female","Very High (81-110)","high",2,"Manufacturing Director","low","Divorced","low-Medium (4001-7000)",22670,9,"Yes",11,"high","medium",2,9,4,"high","Low(0-5 Years)",3,1,4
"74",1244,"29 to 39","Travel_Rarely","Medium (451-800)","Research & Development","6-9 miles",4,"Medical",1885,"very high","Male","High (61-80)","high",2,"Research Scientist","low","Married","low-Medium (4001-7000)",13588,5,"Yes",22,"very high","high",1,16,2,"high","Low(0-5 Years)",3,0,4
"75",1245,"40 to 50","Travel_Frequently","Low(100-450)","Research & Development","<=2 miles",3,"Life Sciences",902,"very high","Female","Low(0-40)","high",2,"Healthcare Representative","very high","Married","low-Medium (4001-7000)",21782,4,"No",13,"high","medium",1,12,2,"medium","Low(0-5 Years)",2,2,2
"76",1246,"18 to 28","Travel_Rarely","Medium (451-800)","Research & Development","<=2 miles",3,"Technical Degree",1301,"very high","Male","Very High (81-110)","high",1,"Research Scientist","low","Single","Low(1000-4000)",4732,2,"No",11,"high","medium",0,5,2,"medium","Low(0-5 Years)",2,1,2
"77",1247,"51 to 60","Travel_Rarely","Medium (451-800)","Research & Development","<=2 miles",4,"Medical",482,"very high","Male","Very High (81-110)","high",2,"Healthcare Representative","high","Married","low-Medium (4001-7000)",2967,2,"No",11,"high","high",0,15,2,"high","Low(0-5 Years)",2,1,2
"78",1248,"29 to 39","Travel_Frequently","Very High (1151-1500)","Research & Development","<=2 miles",4,"Technical Degree",1745,"very high","Female","High (61-80)","medium",1,"Research Scientist","low","Single","low-Medium (4001-7000)",26427,0,"No",16,"high","very high",0,10,2,"high","low-Medium (6-10 Years)",7,0,7
"79",1249,"29 to 39","Travel_Frequently","Medium (451-800)","Research & Development","3-5 miles",3,"Technical Degree",1257,"high","Male","Medium (41-60)","high",1,"Research Scientist","medium","Married","Low(1000-4000)",9256,1,"No",12,"high","high",0,12,2,"medium","Medium (11-15 Years)",10,0,7
"80",1250,"29 to 39","Travel_Rarely","High (801-1150)","Human Resources","10-15 miles",3,"Human Resources",829,"high","Male","Low(0-40)","high",1,"Human Resources","medium","Married","Low(1000-4000)",25527,4,"No",13,"high","medium",1,8,2,"high","Low(0-5 Years)",2,0,4
"81",1251,"29 to 39","Travel_Rarely","Low(100-450)","Research & Development",">=16",3,"Medical",1377,"medium","Male","Very High (81-110)","high",2,"Laboratory Technician","high","Married","low-Medium (4001-7000)",17491,4,"No",13,"high","low",2,10,1,"high","low-Medium (6-10 Years)",7,7,7
"82",1252,"29 to 39","Travel_Rarely","Low(100-450)","Sales","<=2 miles",4,"Marketing",1047,"medium","Male","High (61-80)","very high",2,"Sales Executive","very high","Divorced","Medium (7001-10000)",12278,0,"No",11,"high","very high",1,16,2,"medium","Medium (11-15 Years)",1,0,9
"83",1253,"40 to 50","Travel_Rarely","Very High (1151-1500)","Research & Development",">=16",2,"Life Sciences",334,"high","Male","Low(0-40)","high",2,"Research Scientist","low","Divorced","Low(1000-4000)",19877,2,"No",16,"high","low",2,17,2,"medium","Low(0-5 Years)",0,0,0
"84",1254,"29 to 39","Travel_Frequently","Medium (451-800)","Human Resources","10-15 miles",3,"Life Sciences",1289,"high","Male","Medium (41-60)","medium",2,"Human Resources","medium","Married","low-Medium (4001-7000)",21833,4,"No",11,"high","very high",2,14,5,"very high","low-Medium (6-10 Years)",9,1,8
"85",1255,"51 to 60","Travel_Rarely","Low(100-450)","Research & Development",">=16",2,"Technical Degree",389,"medium","Male","Low(0-40)","high",2,"Laboratory Technician","very high","Married","low-Medium (4001-7000)",15972,3,"Yes",19,"high","very high",1,12,4,"high","low-Medium (6-10 Years)",7,0,8
"86",1256,"51 to 60","Travel_Frequently","Low(100-450)","Research & Development",">=16",2,"Medical",1401,"very high","Female","Medium (41-60)","very high",4,"Manufacturing Director","high","Married","High (13001-16000)",9731,2,"Yes",11,"high","medium",1,24,3,"medium","Low(0-5 Years)",3,0,2
"87",1257,"29 to 39","Travel_Rarely","Low(100-450)","Research & Development","6-9 miles",4,"Life Sciences",28,"low","Female","Medium (41-60)","high",3,"Research Director","medium","Single","Medium-High (10001-13000)",21293,0,"No",11,"high","high",0,13,4,"high","Medium (11-15 Years)",6,2,11
"88",1258,"51 to 60","Non-Travel","Medium (451-800)","Sales","<=2 miles",4,"Life Sciences",329,"low","Male","High (61-80)","medium",5,"Manager","high","Single","Very High (16001-19999)",21030,1,"Yes",18,"high","very high",0,33,2,"very high",">30 Years",7,15,12
"89",1259,"40 to 50","Travel_Rarely","Very High (1151-1500)","Research & Development","6-9 miles",3,"Other",499,"medium","Male","Low(0-40)","medium",3,"Healthcare Representative","high","Single","Medium-High (10001-13000)",12066,8,"No",24,"very high","high",0,26,2,"high","Low(0-5 Years)",2,0,0
"90",1260,"18 to 28","Travel_Rarely","High (801-1150)","Sales","6-9 miles",3,"Technical Degree",796,"very high","Male","Low(0-40)","medium",2,"Sales Executive","low","Single","low-Medium (4001-7000)",3064,6,"No",17,"high","high",0,6,2,"medium","Low(0-5 Years)",3,1,2
"91",1261,"40 to 50","Travel_Rarely","High (801-1150)","Research & Development","<=2 miles",3,"Life Sciences",1703,"high","Female","Very High (81-110)","very high",3,"Healthcare Representative","very high","Married","Medium (7001-10000)",14810,1,"Yes",19,"high","medium",1,9,2,"high","low-Medium (6-10 Years)",7,6,7
"92",1262,"29 to 39","Non-Travel","Medium (451-800)","Research & Development","<=2 miles",3,"Life Sciences",1737,"very high","Male","High (61-80)","high",2,"Laboratory Technician","very high","Married","low-Medium (4001-7000)",8989,1,"Yes",15,"high","very high",1,9,2,"high","low-Medium (6-10 Years)",8,5,8
"93",1263,"18 to 28","Travel_Rarely","High (801-1150)","Research & Development","6-9 miles",3,"Medical",1751,"high","Female","High (61-80)","high",1,"Research Scientist","very high","Single","Low(1000-4000)",6152,1,"No",11,"high","high",0,6,5,"medium","low-Medium (6-10 Years)",2,1,4
"94",1264,"40 to 50","Travel_Frequently","High (801-1150)","Research & Development","<=2 miles",3,"Life Sciences",141,"low","Female","High (61-80)","high",5,"Research Director","medium","Married","Very High (16001-19999)",9755,3,"Yes",19,"high","low",0,28,1,"medium","low-Medium (6-10 Years)",3,0,7
"95",1265,"40 to 50","Travel_Rarely","Low(100-450)","Sales","10-15 miles",2,"Life Sciences",1598,"very high","Female","Very High (81-110)","high",2,"Sales Executive","low","Married","low-Medium (4001-7000)",11262,1,"No",15,"high","high",1,5,2,"high","Low(0-5 Years)",4,1,2
"96",1266,"29 to 39","Travel_Frequently","Medium (451-800)","Sales",">=16",3,"Life Sciences",1812,"high","Male","Very High (81-110)","high",2,"Sales Executive","very high","Divorced","low-Medium (4001-7000)",19188,2,"No",18,"high","very high",1,7,6,"high","Low(0-5 Years)",1,2,2
"97",1267,"51 to 60","Travel_Rarely","Low(100-450)","Research & Development","<=2 miles",4,"Medical",1697,"high","Male","Very High (81-110)","low",3,"Healthcare Representative","very high","Divorced","Medium-High (10001-13000)",20467,3,"No",20,"very high","high",1,19,2,"very high","Low(0-5 Years)",0,0,0
"98",1268,"29 to 39","Travel_Rarely","High (801-1150)","Research & Development","6-9 miles",2,"Medical",1936,"low","Male","Very High (81-110)","high",2,"Manufacturing Director","low","Married","low-Medium (4001-7000)",12315,1,"No",25,"very high","very high",1,10,3,"high","low-Medium (6-10 Years)",0,7,9
"99",1269,"29 to 39","Travel_Rarely","High (801-1150)","Research & Development","<=2 miles",3,"Technical Degree",300,"high","Male","Very High (81-110)","high",1,"Research Scientist","high","Single","Low(1000-4000)",19757,0,"No",14,"high","very high",0,7,1,"medium","low-Medium (6-10 Years)",2,1,5
"100",1270,"29 to 39","Travel_Rarely","Low(100-450)","Research & Development","6-9 miles",3,"Life Sciences",1433,"low","Female","Low(0-40)","medium",1,"Research Scientist","medium","Single","Low(1000-4000)",22262,1,"No",12,"high","high",0,1,3,"very high","Low(0-5 Years)",0,0,0
"101",1271,"40 to 50","Travel_Rarely","High (801-1150)","Sales","6-9 miles",3,"Life Sciences",298,"very high","Female","High (61-80)","high",3,"Manager","very high","Single","High (13001-16000)",14674,3,"Yes",18,"high","high",0,16,3,"high","Low(0-5 Years)",0,0,0
"102",1272,"29 to 39","Non-Travel","High (801-1150)","Research & Development","<=2 miles",1,"Life Sciences",292,"high","Male","Very High (81-110)","medium",3,"Manufacturing Director","high","Single","Medium (7001-10000)",20925,1,"No",22,"very high","high",0,12,2,"high","Medium (11-15 Years)",8,5,8
"103",1273,"18 to 28","Travel_Rarely","Very High (1151-1500)","Research & Development","3-5 miles",1,"Technical Degree",1106,"very high","Male","Low(0-40)","high",1,"Laboratory Technician","very high","Married","Low(1000-4000)",4605,1,"Yes",15,"high","medium",1,7,3,"very high","low-Medium (6-10 Years)",7,5,6
"104",1274,"51 to 60","Travel_Rarely","High (801-1150)","Research & Development","3-5 miles",4,"Medical",386,"high","Male","Medium (41-60)","high",4,"Research Director","high","Married","Very High (16001-19999)",21016,3,"Yes",16,"high","very high",3,21,5,"medium","Low(0-5 Years)",3,1,3
"105",1275,"29 to 39","Travel_Frequently","Low(100-450)","Sales","10-15 miles",4,"Life Sciences",648,"medium","Male","High (61-80)","medium",1,"Sales Representative","low","Married","Low(1000-4000)",14470,1,"No",18,"high","high",1,1,2,"very high","Low(0-5 Years)",0,0,0
"106",1276,"18 to 28","Travel_Rarely","High (801-1150)","Research & Development","<=2 miles",2,"Medical",1018,"very high","Male","Low(0-40)","very high",2,"Manufacturing Director","very high","Married","low-Medium (4001-7000)",3334,1,"No",12,"high","medium",0,8,2,"high","low-Medium (6-10 Years)",7,1,3
"107",1277,"29 to 39","Travel_Frequently","Very High (1151-1500)","Research & Development","6-9 miles",4,"Life Sciences",1594,"low","Male","High (61-80)","very high",2,"Laboratory Technician","low","Married","low-Medium (4001-7000)",19711,3,"Yes",13,"high","very high",1,9,3,"high","Low(0-5 Years)",2,0,2
"108",1278,"29 to 39","Travel_Rarely","High (801-1150)","Sales","10-15 miles",2,"Medical",1912,"high","Female","Very High (81-110)","high",2,"Sales Executive","very high","Divorced","low-Medium (4001-7000)",20115,2,"Yes",11,"high","very high",1,8,2,"high","Low(0-5 Years)",2,1,4
"109",1279,"29 to 39","Travel_Rarely","High (801-1150)","Human Resources","6-9 miles",4,"Human Resources",133,"high","Male","High (61-80)","high",1,"Human Resources","low","Divorced","Low(1000-4000)",23648,4,"Yes",22,"very high","very high",0,7,3,"high","Low(0-5 Years)",2,0,2
"110",1280,"51 to 60","Non-Travel","Low(100-450)","Human Resources",">=16",3,"Human Resources",148,"very high","Female","Low(0-40)","very high",4,"Manager","very high","Single","Very High (16001-19999)",13871,2,"Yes",12,"high","high",0,23,3,"high","Low(0-5 Years)",3,4,4
"111",1281,"29 to 39","Travel_Frequently","Medium (451-800)","Sales",">=16",4,"Marketing",1380,"very high","Female","High (61-80)","high",2,"Sales Executive","high","Married","low-Medium (4001-7000)",23288,0,"Yes",18,"high","high",1,5,0,"medium","Low(0-5 Years)",2,3,2
"112",1282,"29 to 39","Travel_Rarely","Very High (1151-1500)","Research & Development","3-5 miles",4,"Technical Degree",464,"high","Male","High (61-80)","high",3,"Manufacturing Director","medium","Single","Medium (7001-10000)",18264,0,"No",13,"high","very high",0,17,5,"high","Medium-High (16-20 Years)",6,0,13
"113",1283,"29 to 39","Travel_Rarely","Low(100-450)","Research & Development",">=16",2,"Medical",1161,"high","Female","Medium (41-60)","medium",2,"Healthcare Representative","very high","Divorced","low-Medium (4001-7000)",17171,7,"No",13,"high","high",2,9,2,"high","low-Medium (6-10 Years)",2,1,3
"114",1284,"29 to 39","Travel_Rarely","High (801-1150)","Research & Development",">=16",3,"Technical Degree",273,"very high","Male","Medium (41-60)","high",2,"Manufacturing Director","very high","Married","low-Medium (4001-7000)",4185,3,"No",18,"high","low",1,9,3,"low","low-Medium (6-10 Years)",7,1,7
"115",1285,"51 to 60","Travel_Rarely","Medium (451-800)","Sales",">=16",3,"Life Sciences",1938,"very high","Female","High (61-80)","high",4,"Manager","very high","Married","Very High (16001-19999)",11761,4,"Yes",13,"high","high",1,29,2,"medium","Low(0-5 Years)",0,0,0
"116",1286,"40 to 50","Travel_Frequently","Medium (451-800)","Sales","10-15 miles",3,"Life Sciences",754,"very high","Male","Medium (41-60)","medium",2,"Sales Executive","very high","Married","low-Medium (4001-7000)",23683,3,"No",18,"high","high",1,7,5,"high","Low(0-5 Years)",2,2,2
"117",1287,"29 to 39","Travel_Rarely","Very High (1151-1500)","Research & Development","<=2 miles",3,"Medical",1241,"very high","Male","High (61-80)","high",1,"Research Scientist","medium","Married","Low(1000-4000)",9369,0,"Yes",21,"very high","low",1,12,2,"high","Medium (11-15 Years)",9,5,7
"118",1288,"29 to 39","Travel_Rarely","Low(100-450)","Sales",">=16",3,"Marketing",283,"medium","Female","Low(0-40)","high",3,"Sales Executive","very high","Married","Medium (7001-10000)",24525,1,"No",22,"very high","very high",3,10,3,"medium","low-Medium (6-10 Years)",4,1,9
"119",1289,"18 to 28","Non-Travel","High (801-1150)","Research & Development","6-9 miles",3,"Life Sciences",812,"high","Male","Medium (41-60)","medium",1,"Laboratory Technician","medium","Divorced","Low(1000-4000)",26551,1,"No",11,"high","high",3,1,4,"high","Low(0-5 Years)",0,0,0
"120",1290,"51 to 60","Travel_Rarely","Medium (451-800)","Sales","10-15 miles",4,"Medical",131,"very high","Male","Low(0-40)","high",4,"Sales Executive","high","Single","High (13001-16000)",24409,0,"No",13,"high","high",0,38,1,"medium",">30 Years",10,1,8
"121",1291,"29 to 39","Travel_Rarely","Very High (1151-1500)","Sales","<=2 miles",4,"Life Sciences",1995,"very high","Male","Very High (81-110)","high",2,"Sales Executive","medium","Married","low-Medium (4001-7000)",7636,0,"No",15,"high","low",2,16,3,"high","Medium (11-15 Years)",13,5,8
"122",1292,"51 to 60","Travel_Rarely","Low(100-450)","Research & Development","3-5 miles",3,"Medical",543,"very high","Male","Low(0-40)","medium",3,"Manufacturing Director","high","Married","Medium (7001-10000)",19609,2,"Yes",14,"high","high",0,28,4,"high","Low(0-5 Years)",4,0,4
"123",1293,"40 to 50","Travel_Rarely","Low(100-450)","Sales","6-9 miles",3,"Marketing",1591,"high","Male","Medium (41-60)","high",5,"Manager","high","Married","Very High (16001-19999)",19519,4,"Yes",16,"high","high",1,27,2,"high","Low(0-5 Years)",0,0,0
"124",1294,"29 to 39","Travel_Frequently","High (801-1150)","Research & Development",">=16",2,"Medical",2061,"high","Male","Medium (41-60)","very high",2,"Laboratory Technician","very high","Married","Low(1000-4000)",12290,4,"No",17,"high","high",1,17,3,"high","Low(0-5 Years)",2,0,3
"125",1295,"29 to 39","Travel_Frequently","Medium (451-800)","Sales","6-9 miles",3,"Marketing",1362,"low","Female","Very High (81-110)","very high",2,"Sales Executive","low","Married","low-Medium (4001-7000)",2261,2,"No",16,"high","very high",1,17,2,"medium","Medium (11-15 Years)",7,6,13
"126",1296,"51 to 60","Travel_Rarely","High (801-1150)","Sales","6-9 miles",3,"Marketing",897,"low","Male","High (61-80)","high",4,"Sales Executive","very high","Married","Medium-High (10001-13000)",22789,5,"No",14,"high","high",1,28,3,"high","Low(0-5 Years)",0,2,2
"127",1297,"29 to 39","Travel_Rarely","Very High (1151-1500)","Sales","10-15 miles",3,"Life Sciences",749,"high","Male","Very High (81-110)","high",1,"Sales Representative","high","Single","Low(1000-4000)",2755,1,"No",11,"high","high",0,1,6,"high","Low(0-5 Years)",0,0,0
"128",1298,"40 to 50","Travel_Rarely","High (801-1150)","Research & Development",">=16",4,"Life Sciences",569,"medium","Male","Very High (81-110)","medium",4,"Manager","high","Married","Very High (16001-19999)",9314,0,"No",15,"high","medium",1,28,2,"high","Very High (26-30 Years)",10,15,7
"129",1299,"51 to 60","Travel_Rarely","High (801-1150)","Research & Development","3-5 miles",2,"Medical",522,"low","Male","Very High (81-110)","high",5,"Research Director","low","Married","Very High (16001-19999)",8509,4,"No",11,"high","high",1,24,4,"medium","Low(0-5 Years)",2,1,2
"130",1300,"29 to 39","Non-Travel","High (801-1150)","Research & Development","<=2 miles",4,"Medical",1662,"very high","Female","Low(0-40)","medium",2,"Manufacturing Director","high","Married","low-Medium (4001-7000)",15411,0,"No",15,"high","high",0,4,6,"high","Low(0-5 Years)",2,1,2
"131",1301,"51 to 60","Travel_Rarely","Low(100-450)","Research & Development","6-9 miles",2,"Technical Degree",2032,"very high","Male","High (61-80)","high",1,"Laboratory Technician","high","Married","Low(1000-4000)",3666,8,"No",11,"high","very high",1,14,4,"low","low-Medium (6-10 Years)",9,9,8
"132",1302,"40 to 50","Travel_Rarely","Low(100-450)","Research & Development",">=16",3,"Life Sciences",1523,"very high","Male","Low(0-40)","high",4,"Research Director","low","Married","Very High (16001-19999)",22074,3,"No",13,"high","high",1,24,1,"very high","Medium-High (16-20 Years)",6,14,17
"133",1303,"40 to 50","Travel_Rarely","High (801-1150)","Research & Development","<=2 miles",2,"Technical Degree",431,"high","Female","Very High (81-110)","medium",4,"Healthcare Representative","high","Single","High (13001-16000)",17810,7,"Yes",12,"high","very high",0,25,2,"high","low-Medium (6-10 Years)",1,0,7
"134",1304,"29 to 39","Travel_Rarely","Low(100-450)","Sales","<=2 miles",4,"Marketing",1862,"high","Male","Very High (81-110)","medium",2,"Sales Executive","medium","Single","Medium (7001-10000)",26186,7,"Yes",12,"high","high",0,7,3,"medium","Low(0-5 Years)",2,2,2
"135",1305,"51 to 60","Travel_Rarely","Low(100-450)","Sales","<=2 miles",2,"Life Sciences",106,"low","Male","High (61-80)","high",3,"Sales Executive","very high","Married","Medium-High (10001-13000)",18092,3,"No",14,"high","very high",1,24,4,"high","Low(0-5 Years)",0,1,0
"136",1306,"29 to 39","Travel_Rarely","Very High (1151-1500)","Research & Development",">=16",3,"Life Sciences",381,"medium","Female","High (61-80)","very high",3,"Manager","medium","Divorced","Medium-High (10001-13000)",19100,7,"No",18,"high","medium",1,10,6,"medium","low-Medium (6-10 Years)",7,6,2
"137",1307,"29 to 39","Travel_Rarely","Very High (1151-1500)","Research & Development","10-15 miles",1,"Life Sciences",924,"high","Male","High (61-80)","high",2,"Healthcare Representative","very high","Married","low-Medium (4001-7000)",4821,0,"Yes",17,"high","low",1,17,2,"medium","Medium-High (16-20 Years)",8,4,11
"138",1308,"40 to 50","Travel_Rarely","Very High (1151-1500)","Research & Development","<=2 miles",3,"Medical",1542,"high","Male","High (61-80)","medium",1,"Laboratory Technician","medium","Married","low-Medium (4001-7000)",24052,4,"No",14,"high","medium",1,4,3,"high","Low(0-5 Years)",0,0,0
"139",1309,"18 to 28","Non-Travel","Very High (1151-1500)","Research & Development","6-9 miles",5,"Life Sciences",1094,"low","Male","Very High (81-110)","low",1,"Laboratory Technician","high","Married","low-Medium (4001-7000)",5869,1,"No",19,"high","very high",3,3,4,"high","Low(0-5 Years)",2,1,2
"140",1310,"40 to 50","Non-Travel","High (801-1150)","Sales",">=16",2,"Life Sciences",1801,"medium","Male","Very High (81-110)","medium",2,"Sales Executive","medium","Single","Medium (7001-10000)",25166,8,"No",15,"high","high",0,6,3,"high","Low(0-5 Years)",2,2,2
"141",1311,"40 to 50","Travel_Rarely","Low(100-450)","Research & Development","6-9 miles",3,"Life Sciences",206,"medium","Male","Medium (41-60)","high",2,"Laboratory Technician","medium","Divorced","Low(1000-4000)",10901,8,"No",18,"high","high",1,20,2,"low","Medium-High (16-20 Years)",9,0,15
"142",1312,"40 to 50","Travel_Frequently","Medium (451-800)","Research & Development","6-9 miles",3,"Life Sciences",809,"medium","Male","High (61-80)","high",5,"Manager","very high","Divorced","Very High (16001-19999)",16225,1,"No",13,"high","medium",1,24,4,"medium","High (21-25 Years)",7,14,9
"143",1313,"40 to 50","Travel_Rarely","Low(100-450)","Research & Development",">=16",3,"Life Sciences",1641,"high","Female","Very High (81-110)","high",3,"Manufacturing Director","very high","Single","Medium (7001-10000)",19948,6,"Yes",15,"high","very high",0,18,2,"medium","Low(0-5 Years)",2,3,3
"144",1314,"29 to 39","Travel_Rarely","Low(100-450)","Research & Development","6-9 miles",5,"Life Sciences",231,"high","Male","Medium (41-60)","high",1,"Research Scientist","high","Single","Low(1000-4000)",12430,3,"No",20,"very high","low",0,8,2,"high","Low(0-5 Years)",4,1,4
"145",1315,"40 to 50","Travel_Rarely","Medium (451-800)","Research & Development","<=2 miles",4,"Technical Degree",1553,"low","Male","High (61-80)","high",3,"Healthcare Representative","medium","Divorced","Medium (7001-10000)",20933,1,"No",12,"high","low",3,10,4,"high","low-Medium (6-10 Years)",8,7,7
"146",1316,"40 to 50","Travel_Frequently","Low(100-450)","Sales","3-5 miles",3,"Marketing",488,"low","Male","Medium (41-60)","high",2,"Sales Executive","medium","Single","Medium (7001-10000)",9558,1,"No",18,"high","high",0,8,5,"high","low-Medium (6-10 Years)",7,7,7
"147",1317,"40 to 50","Travel_Rarely","Low(100-450)","Research & Development",">=16",3,"Medical",1148,"medium","Male","Medium (41-60)","low",2,"Laboratory Technician","very high","Single","low-Medium (4001-7000)",9558,4,"No",19,"high","low",0,16,3,"high","Low(0-5 Years)",0,0,0
"148",1318,"29 to 39","Travel_Frequently","Medium (451-800)","Sales","<=2 miles",4,"Life Sciences",1427,"medium","Female","Medium (41-60)","low",1,"Sales Representative","high","Single","Low(1000-4000)",16154,1,"No",12,"high","medium",0,1,3,"high","Low(0-5 Years)",0,0,0
"149",1319,"18 to 28","Travel_Rarely","High (801-1150)","Research & Development","6-9 miles",2,"Life Sciences",395,"very high","Female","High (61-80)","high",1,"Research Scientist","very high","Single","Low(1000-4000)",4488,1,"No",21,"very high","very high",0,5,3,"high","Low(0-5 Years)",3,0,2
"150",1320,"51 to 60","Travel_Rarely","Medium (451-800)","Sales",">=16",5,"Marketing",1578,"high","Male","Medium (41-60)","medium",5,"Manager","very high","Married","Very High (16001-19999)",23037,1,"No",21,"very high","high",1,36,3,"high",">30 Years",6,2,13
"151",1321,"29 to 39","Travel_Rarely","High (801-1150)","Research & Development","3-5 miles",4,"Life Sciences",338,"high","Female","High (61-80)","medium",1,"Research Scientist","very high","Married","Low(1000-4000)",14776,1,"No",13,"high","high",1,2,2,"medium","Low(0-5 Years)",2,0,2
"152",1322,"51 to 60","Travel_Rarely","Low(100-450)","Research & Development","6-9 miles",3,"Life Sciences",769,"very high","Male","Very High (81-110)","high",2,"Laboratory Technician","very high","Single","Low(1000-4000)",10919,2,"No",17,"high","very high",0,19,4,"high","Low(0-5 Years)",2,2,2
"153",1323,"40 to 50","Travel_Frequently","Medium (451-800)","Research & Development","<=2 miles",4,"Life Sciences",119,"high","Male","High (61-80)","medium",4,"Healthcare Representative","medium","Married","High (13001-16000)",14115,1,"No",22,"very high","very high",1,22,3,"medium","High (21-25 Years)",3,11,11
"154",1324,"29 to 39","Travel_Rarely","High (801-1150)","Research & Development","10-15 miles",3,"Medical",1816,"low","Female","High (61-80)","high",3,"Manufacturing Director","high","Single","Medium (7001-10000)",2739,9,"No",14,"high","medium",0,9,3,"high","low-Medium (6-10 Years)",7,0,2
"155",1325,"40 to 50","Travel_Rarely","High (801-1150)","Research & Development","<=2 miles",1,"Medical",763,"very high","Female","Very High (81-110)","medium",1,"Research Scientist","very high","Single","Low(1000-4000)",22929,0,"Yes",20,"very high","very high",0,5,2,"medium","Low(0-5 Years)",2,2,3
"156",1326,"29 to 39","Travel_Rarely","Low(100-450)","Research & Development","<=2 miles",2,"Life Sciences",530,"very high","Male","Very High (81-110)","medium",1,"Laboratory Technician","low","Married","Low(1000-4000)",16193,1,"No",12,"high","high",1,4,3,"high","Low(0-5 Years)",2,3,2
"157",1327,"29 to 39","Non-Travel","High (801-1150)","Research & Development",">=16",1,"Technical Degree",1374,"low","Female","Very High (81-110)","medium",1,"Research Scientist","high","Divorced","Low(1000-4000)",15891,1,"No",20,"very high","high",3,5,2,"high","Low(0-5 Years)",4,0,0
"158",1328,"40 to 50","Travel_Rarely","Low(100-450)","Sales",">=16",4,"Marketing",1318,"very high","Male","Medium (41-60)","medium",3,"Sales Executive","medium","Single","Medium (7001-10000)",17235,2,"Yes",12,"high","high",0,9,2,"high","Low(0-5 Years)",4,1,0
"159",1329,"18 to 28","Travel_Rarely","Low(100-450)","Research & Development","10-15 miles",2,"Life Sciences",30,"high","Male","Very High (81-110)","high",1,"Research Scientist","very high","Single","Low(1000-4000)",19281,1,"No",14,"high","very high",0,0,6,"high","Low(0-5 Years)",0,0,0
"160",1330,"29 to 39","Non-Travel","High (801-1150)","Research & Development","10-15 miles",2,"Medical",70,"high","Male","High (61-80)","medium",3,"Healthcare Representative","low","Married","Medium (7001-10000)",8302,2,"Yes",13,"high","high",1,10,3,"high","Low(0-5 Years)",0,2,3
"161",1331,"40 to 50","Travel_Rarely","Low(100-450)","Research & Development","6-9 miles",2,"Life Sciences",1724,"medium","Female","Very High (81-110)","high",2,"Manufacturing Director","low","Married","low-Medium (4001-7000)",5041,2,"Yes",16,"high","medium",1,18,3,"high","Low(0-5 Years)",0,0,0
"162",1332,"18 to 28","Travel_Rarely","High (801-1150)","Research & Development",">=16",1,"Life Sciences",1514,"high","Male","Very High (81-110)","low",2,"Manufacturing Director","medium","Married","low-Medium (4001-7000)",3173,1,"No",14,"high","medium",2,8,2,"medium","low-Medium (6-10 Years)",6,1,7
"163",1333,"29 to 39","Travel_Rarely","Medium (451-800)","Research & Development","6-9 miles",1,"Medical",31,"medium","Male","Very High (81-110)","high",1,"Research Scientist","low","Single","Low(1000-4000)",17102,2,"No",11,"high","high",0,8,2,"high","Low(0-5 Years)",2,1,3
"164",1334,"29 to 39","Travel_Rarely","High (801-1150)","Research & Development","6-9 miles",3,"Technical Degree",1299,"medium","Female","Low(0-40)","high",1,"Laboratory Technician","high","Divorced","Low(1000-4000)",17285,3,"Yes",13,"high","low",2,10,2,"high","low-Medium (6-10 Years)",7,7,7
"165",1335,"40 to 50","Travel_Rarely","Very High (1151-1500)","Research & Development","3-5 miles",3,"Life Sciences",894,"high","Female","Very High (81-110)","very high",2,"Laboratory Technician","very high","Married","low-Medium (4001-7000)",23726,2,"Yes",13,"high","medium",1,17,1,"medium","Low(0-5 Years)",3,1,3
"166",1336,"29 to 39","Travel_Rarely","Very High (1151-1500)","Research & Development",">=16",3,"Life Sciences",495,"very high","Male","Medium (41-60)","high",1,"Research Scientist","very high","Single","Low(1000-4000)",18168,9,"No",16,"high","very high",0,6,4,"high","Low(0-5 Years)",2,1,2
"167",1337,"51 to 60","Travel_Frequently","Low(100-450)","Sales","6-9 miles",3,"Life Sciences",1282,"very high","Male","Very High (81-110)","high",5,"Manager","medium","Divorced","Very High (16001-19999)",19196,4,"Yes",24,"very high","low",1,31,5,"medium","Very High (26-30 Years)",10,11,10
"168",1338,"18 to 28","Non-Travel","Low(100-450)","Sales","<=2 miles",1,"Marketing",449,"high","Male","High (61-80)","high",2,"Sales Executive","medium","Married","low-Medium (4001-7000)",22107,0,"Yes",13,"high","very high",1,6,0,"high","Low(0-5 Years)",4,1,4
"169",1339,"40 to 50","Travel_Rarely","Very High (1151-1500)","Research & Development",">=16",1,"Medical",716,"very high","Male","High (61-80)","very high",1,"Laboratory Technician","high","Married","Low(1000-4000)",3297,1,"Yes",11,"high","high",3,20,3,"high","Medium-High (16-20 Years)",8,3,8
"170",1340,"29 to 39","Travel_Rarely","Low(100-450)","Sales","<=2 miles",3,"Medical",620,"low","Female","High (61-80)","high",2,"Sales Executive","high","Single","low-Medium (4001-7000)",6698,1,"No",16,"high","very high",0,5,3,"high","Low(0-5 Years)",4,0,3
"171",1341,"18 to 28","Travel_Rarely","Low(100-450)","Research & Development","<=2 miles",1,"Medical",854,"low","Male","High (61-80)","very high",1,"Research Scientist","low","Single","Low(1000-4000)",21632,7,"No",13,"high","high",0,6,3,"medium","Low(0-5 Years)",3,0,1
"172",1342,"40 to 50","Travel_Rarely","High (801-1150)","Research & Development","3-5 miles",3,"Life Sciences",1333,"low","Male","Very High (81-110)","high",1,"Laboratory Technician","low","Married","Low(1000-4000)",14669,4,"No",12,"high","high",0,10,4,"very high","Low(0-5 Years)",2,1,2
"173",1343,"18 to 28","Travel_Rarely","High (801-1150)","Research & Development","6-9 miles",3,"Medical",764,"very high","Female","Medium (41-60)","medium",2,"Healthcare Representative","low","Single","low-Medium (4001-7000)",23398,8,"No",19,"high","low",0,9,2,"low","low-Medium (6-10 Years)",6,0,7
"174",1344,"29 to 39","Travel_Rarely","Very High (1151-1500)","Research & Development","6-9 miles",2,"Life Sciences",245,"high","Female","High (61-80)","high",1,"Laboratory Technician","very high","Single","Low(1000-4000)",6319,1,"No",12,"high","high",0,2,3,"high","Low(0-5 Years)",2,2,1
"175",1345,"18 to 28","Travel_Rarely","Very High (1151-1500)","Research & Development","<=2 miles",2,"Medical",497,"very high","Male","Very High (81-110)","high",1,"Laboratory Technician","medium","Divorced","Low(1000-4000)",17881,1,"No",11,"high","medium",1,5,2,"high","Low(0-5 Years)",2,0,4
"176",1346,"40 to 50","Travel_Frequently","Low(100-450)","Research & Development","6-9 miles",1,"Life Sciences",2,"high","Male","High (61-80)","medium",2,"Research Scientist","medium","Married","low-Medium (4001-7000)",24907,1,"No",23,"very high","very high",1,10,3,"high","low-Medium (6-10 Years)",7,1,7
"177",1347,"40 to 50","Travel_Rarely","Very High (1151-1500)","Research & Development","<=2 miles",3,"Technical Degree",887,"high","Female","Low(0-40)","high",1,"Research Scientist","low","Married","Low(1000-4000)",10554,2,"No",16,"high","medium",1,7,2,"high","Low(0-5 Years)",2,0,2
"178",1348,"29 to 39","Travel_Rarely","Very High (1151-1500)","Research & Development","6-9 miles",2,"Life Sciences",1601,"high","Male","High (61-80)","medium",1,"Laboratory Technician","very high","Married","Low(1000-4000)",7713,1,"No",18,"high","very high",1,1,5,"medium","Low(0-5 Years)",0,0,1
"179",1349,"40 to 50","Travel_Rarely","Very High (1151-1500)","Research & Development","3-5 miles",4,"Other",671,"very high","Male","Low(0-40)","high",5,"Manager","very high","Married","Very High (16001-19999)",9358,4,"Yes",12,"high","low",1,26,2,"very high","Low(0-5 Years)",2,0,1
"180",1350,"40 to 50","Travel_Rarely","Very High (1151-1500)","Sales",">=16",3,"Medical",1039,"very high","Female","Medium (41-60)","very high",4,"Sales Executive","very high","Married","High (13001-16000)",11737,3,"Yes",18,"high","high",1,23,2,"high","Medium (11-15 Years)",11,11,11
"181",1351,"18 to 28","Travel_Frequently","Medium (451-800)","Research & Development","<=2 miles",2,"Life Sciences",792,"low","Female","High (61-80)","low",1,"Laboratory Technician","very high","Divorced","low-Medium (4001-7000)",5288,3,"No",14,"high","low",1,5,2,"high","Low(0-5 Years)",2,2,0
"182",1352,"40 to 50","Travel_Rarely","Very High (1151-1500)","Research & Development","<=2 miles",2,"Medical",46,"very high","Female","High (61-80)","very high",1,"Research Scientist","high","Divorced","Low(1000-4000)",21923,1,"No",12,"high","very high",2,6,3,"medium","Low(0-5 Years)",3,1,4
"183",1353,"40 to 50","Travel_Rarely","Low(100-450)","Research & Development","<=2 miles",3,"Medical",249,"high","Male","Very High (81-110)","medium",1,"Laboratory Technician","high","Married","Low(1000-4000)",3425,2,"No",15,"high","very high",1,5,2,"medium","Low(0-5 Years)",2,0,2
"184",1354,"40 to 50","Travel_Rarely","High (801-1150)","Sales","3-5 miles",3,"Life Sciences",2037,"high","Male","Medium (41-60)","medium",2,"Sales Executive","medium","Divorced","Medium (7001-10000)",12227,2,"No",11,"high","high",1,14,5,"high","Low(0-5 Years)",4,0,4
"185",1355,"40 to 50","Travel_Rarely","High (801-1150)","Research & Development","10-15 miles",3,"Life Sciences",520,"low","Male","Medium (41-60)","medium",4,"Research Director","medium","Divorced","High (13001-16000)",4345,1,"No",11,"high","high",1,25,3,"high","High (21-25 Years)",10,3,9
"186",1356,"51 to 60","Travel_Rarely","Low(100-450)","Sales","<=2 miles",1,"Medical",682,"very high","Female","Low(0-40)","high",2,"Sales Executive","low","Single","Medium (7001-10000)",7507,7,"No",20,"very high","very high",0,18,2,"very high","Medium (11-15 Years)",7,8,10
"187",1357,"40 to 50","Travel_Rarely","High (801-1150)","Research & Development",">=16",2,"Technical Degree",1719,"very high","Female","Medium (41-60)","medium",4,"Research Director","medium","Single","Very High (16001-19999)",17119,1,"No",11,"high","high",0,21,2,"high","High (21-25 Years)",6,8,6
"188",1358,"18 to 28","Travel_Rarely","High (801-1150)","Research & Development","3-5 miles",3,"Life Sciences",1198,"low","Male","Very High (81-110)","medium",1,"Laboratory Technician","high","Single","Low(1000-4000)",12828,1,"No",12,"high","low",0,2,2,"medium","Low(0-5 Years)",2,1,2
"189",1359,"51 to 60","Travel_Frequently","High (801-1150)","Research & Development","<=2 miles",4,"Life Sciences",1245,"very high","Female","Medium (41-60)","high",3,"Manufacturing Director","high","Divorced","Medium-High (10001-13000)",9659,7,"No",17,"high","low",1,33,2,"low","Low(0-5 Years)",4,1,4
"190",1360,"29 to 39","Travel_Rarely","Medium (451-800)","Research & Development",">=16",2,"Life Sciences",1322,"low","Male","Low(0-40)","high",2,"Manufacturing Director","high","Single","low-Medium (4001-7000)",13352,0,"No",11,"high","low",0,9,6,"high","low-Medium (6-10 Years)",7,1,7
"191",1361,"29 to 39","Travel_Rarely","Very High (1151-1500)","Sales","3-5 miles",2,"Medical",121,"high","Female","High (61-80)","medium",2,"Sales Executive","medium","Divorced","low-Medium (4001-7000)",19760,1,"Yes",12,"high","medium",3,11,4,"medium","Medium (11-15 Years)",8,2,7
"192",1362,"29 to 39","Travel_Rarely","Low(100-450)","Research & Development","3-5 miles",2,"Medical",1627,"high","Male","High (61-80)","medium",2,"Laboratory Technician","high","Divorced","Low(1000-4000)",10302,0,"No",15,"high","very high",1,11,3,"high","low-Medium (6-10 Years)",8,0,7
"193",1363,"29 to 39","Travel_Rarely","High (801-1150)","Research & Development",">=16",5,"Life Sciences",1621,"medium","Male","Medium (41-60)","very high",2,"Research Scientist","low","Married","low-Medium (4001-7000)",26312,1,"No",11,"high","very high",0,16,2,"high","Medium-High (16-20 Years)",15,1,10
"194",1364,"29 to 39","Travel_Frequently","Very High (1151-1500)","Research & Development","3-5 miles",4,"Other",1060,"high","Male","Medium (41-60)","high",1,"Research Scientist","high","Married","Low(1000-4000)",2997,3,"No",16,"high","low",1,8,2,"high","Low(0-5 Years)",2,2,2
"195",1365,"18 to 28","Travel_Rarely","Medium (451-800)","Sales","10-15 miles",1,"Medical",645,"medium","Male","Low(0-40)","high",1,"Sales Representative","high","Married","Low(1000-4000)",26376,1,"No",11,"high","high",0,7,1,"high","low-Medium (6-10 Years)",4,0,6
"196",1366,"29 to 39","Travel_Rarely","Medium (451-800)","Research & Development","6-9 miles",5,"Other",455,"medium","Male","Low(0-40)","medium",1,"Laboratory Technician","very high","Single","Low(1000-4000)",7621,0,"No",17,"high","high",0,4,2,"high","Low(0-5 Years)",2,2,2
"197",1367,"29 to 39","Travel_Frequently","High (801-1150)","Human Resources",">=16",3,"Human Resources",590,"medium","Female","Medium (41-60)","high",3,"Human Resources","low","Divorced","Medium (7001-10000)",11533,9,"Yes",15,"high","high",3,11,2,"high","Low(0-5 Years)",2,0,2
"198",1368,"29 to 39","Non-Travel","High (801-1150)","Research & Development","<=2 miles",4,"Medical",308,"high","Male","Very High (81-110)","low",2,"Manufacturing Director","high","Married","low-Medium (4001-7000)",4381,0,"No",12,"high","very high",1,6,2,"high","Low(0-5 Years)",4,1,4
"199",1369,"51 to 60","Travel_Rarely","Medium (451-800)","Human Resources","3-5 miles",3,"Life Sciences",1352,"high","Male","Very High (81-110)","high",4,"Manager","medium","Divorced","High (13001-16000)",17588,1,"Yes",11,"high","medium",1,33,2,"high",">30 Years",9,0,10
"200",1370,"51 to 60","Travel_Rarely","Low(100-450)","Research & Development","6-9 miles",2,"Life Sciences",1969,"low","Female","High (61-80)","high",2,"Research Scientist","high","Married","Low(1000-4000)",22474,3,"No",11,"high","high",2,9,6,"medium","Low(0-5 Years)",3,2,3
"201",1371,"40 to 50","Travel_Frequently","High (801-1150)","Research & Development","6-9 miles",3,"Medical",999,"low","Male","High (61-80)","high",5,"Research Director","high","Divorced","Very High (16001-19999)",3735,2,"No",17,"high","medium",1,21,2,"very high","Medium-High (16-20 Years)",16,0,11
"202",1372,"18 to 28","Travel_Rarely","Very High (1151-1500)","Research & Development","<=2 miles",3,"Life Sciences",1799,"high","Male","Very High (81-110)","high",1,"Research Scientist","very high","Married","Low(1000-4000)",5531,1,"No",11,"high","high",1,5,6,"very high","Low(0-5 Years)",3,0,3
"203",1373,"29 to 39","Travel_Rarely","Very High (1151-1500)","Research & Development","<=2 miles",4,"Medical",332,"high","Female","Very High (81-110)","high",1,"Laboratory Technician","high","Divorced","Low(1000-4000)",15417,7,"No",14,"high","high",3,7,1,"high","Low(0-5 Years)",2,1,2
"204",1374,"29 to 39","Travel_Rarely","Low(100-450)","Research & Development","<=2 miles",3,"Technical Degree",1237,"high","Female","High (61-80)","low",3,"Manufacturing Director","low","Divorced","Medium-High (10001-13000)",4235,2,"Yes",21,"very high","high",1,17,2,"high","low-Medium (6-10 Years)",7,7,7
"205",1375,"51 to 60","Non-Travel","Medium (451-800)","Research & Development","<=2 miles",4,"Medical",1775,"low","Female","Medium (41-60)","medium",4,"Manufacturing Director","high","Married","Medium-High (10001-13000)",22308,4,"Yes",20,"very high","very high",3,27,2,"medium","Low(0-5 Years)",2,0,2
"206",1376,"29 to 39","Travel_Rarely","Low(100-450)","Research & Development","10-15 miles",1,"Medical",246,"high","Female","Very High (81-110)","high",1,"Research Scientist","very high","Married","Low(1000-4000)",6984,8,"Yes",23,"very high","high",1,7,0,"high","Low(0-5 Years)",2,0,2
"207",1377,"18 to 28","Travel_Rarely","Low(100-450)","Sales","6-9 miles",4,"Life Sciences",498,"medium","Male","Very High (81-110)","high",2,"Sales Executive","very high","Single","low-Medium (4001-7000)",20750,1,"No",16,"high","very high",0,7,1,"high","low-Medium (6-10 Years)",5,0,7
"208",1378,"29 to 39","Non-Travel","Very High (1151-1500)","Sales","<=2 miles",3,"Marketing",1756,"very high","Female","High (61-80)","high",2,"Sales Executive","medium","Single","low-Medium (4001-7000)",10697,8,"No",15,"high","very high",0,13,2,"medium","Medium (11-15 Years)",7,1,7
"209",1379,"29 to 39","Travel_Rarely","Low(100-450)","Sales",">=16",3,"Life Sciences",1583,"medium","Female","Very High (81-110)","high",2,"Sales Executive","medium","Single","low-Medium (4001-7000)",16379,2,"No",12,"high","medium",0,8,5,"very high","Low(0-5 Years)",2,1,2
"210",1380,"40 to 50","Travel_Rarely","High (801-1150)","Sales","<=2 miles",4,"Medical",323,"very high","Female","High (61-80)","high",5,"Manager","very high","Divorced","Very High (16001-19999)",24118,3,"No",11,"high","high",1,32,3,"medium","low-Medium (6-10 Years)",0,0,6
"211",1381,"18 to 28","Travel_Frequently","Medium (451-800)","Research & Development","3-5 miles",1,"Technical Degree",510,"high","Male","High (61-80)","high",1,"Research Scientist","low","Single","Low(1000-4000)",6582,0,"No",22,"very high","high",0,7,2,"high","low-Medium (6-10 Years)",4,0,4
"212",1382,"40 to 50","Travel_Rarely","Medium (451-800)","Research & Development","6-9 miles",4,"Other",452,"very high","Male","High (61-80)","high",2,"Research Scientist","very high","Married","Low(1000-4000)",9278,9,"No",14,"high","low",2,12,3,"high","low-Medium (6-10 Years)",9,9,8
"213",1383,"29 to 39","Travel_Frequently","Low(100-450)","Research & Development","<=2 miles",4,"Life Sciences",803,"low","Female","High (61-80)","very high",2,"Manufacturing Director","low","Single","low-Medium (4001-7000)",26085,6,"Yes",12,"high","very high",0,17,2,"high","Medium (11-15 Years)",7,4,12
"214",1384,"29 to 39","Travel_Rarely","Medium (451-800)","Research & Development","6-9 miles",2,"Medical",865,"high","Female","Very High (81-110)","very high",2,"Research Scientist","high","Married","low-Medium (4001-7000)",22162,5,"No",12,"high","high",1,9,3,"medium","Low(0-5 Years)",3,1,3
"215",1385,"40 to 50","Travel_Rarely","Low(100-450)","Research & Development","<=2 miles",4,"Life Sciences",517,"medium","Female","Very High (81-110)","high",1,"Laboratory Technician","low","Divorced","Low(1000-4000)",20490,3,"No",16,"high","medium",1,8,5,"high","Low(0-5 Years)",2,1,2
"216",1386,"29 to 39","Travel_Rarely","Very High (1151-1500)","Sales","6-9 miles",2,"Technical Degree",1541,"medium","Male","Medium (41-60)","high",1,"Sales Representative","high","Married","Low(1000-4000)",4944,0,"Yes",25,"very high","medium",1,12,4,"high","Medium (11-15 Years)",10,5,7
"217",1387,"29 to 39","Travel_Rarely","Medium (451-800)","Research & Development","6-9 miles",3,"Life Sciences",1558,"high","Male","Very High (81-110)","very high",1,"Research Scientist","high","Married","Low(1000-4000)",22376,6,"No",18,"high","low",2,5,2,"medium","Low(0-5 Years)",0,0,0
"218",1388,"29 to 39","Travel_Rarely","Low(100-450)","Research & Development",">=16",4,"Medical",1389,"very high","Male","Very High (81-110)","high",2,"Manufacturing Director","high","Married","low-Medium (4001-7000)",21057,1,"Yes",15,"high","very high",2,10,3,"medium","low-Medium (6-10 Years)",2,6,7
"219",1389,"18 to 28","Travel_Rarely","Very High (1151-1500)","Research & Development",">=16",1,"Life Sciences",465,"high","Male","Very High (81-110)","high",1,"Research Scientist","very high","Divorced","Low(1000-4000)",16092,1,"No",12,"high","high",2,4,2,"medium","Low(0-5 Years)",2,0,2
"220",1390,"29 to 39","Non-Travel","Low(100-450)","Research & Development",">=16",4,"Life Sciences",1133,"low","Male","High (61-80)","high",2,"Manufacturing Director","very high","Single","Medium (7001-10000)",23238,2,"No",20,"very high","low",0,18,0,"high","Medium (11-15 Years)",9,0,9
"221",1391,"29 to 39","Travel_Rarely","Medium (451-800)","Sales","3-5 miles",3,"Marketing",456,"very high","Female","Low(0-40)","medium",2,"Sales Executive","high","Divorced","low-Medium (4001-7000)",5431,1,"No",13,"high","high",3,10,2,"high","low-Medium (6-10 Years)",9,1,2
"222",1392,"29 to 39","Travel_Rarely","High (801-1150)","Sales","10-15 miles",3,"Marketing",766,"very high","Male","Very High (81-110)","high",1,"Sales Representative","medium","Divorced","Low(1000-4000)",17967,1,"No",14,"high","very high",2,2,2,"high","Low(0-5 Years)",2,2,2
"223",1393,"40 to 50","Travel_Rarely","Medium (451-800)","Research & Development","3-5 miles",2,"Technical Degree",319,"high","Male","Medium (41-60)","high",5,"Manager","very high","Married","Very High (16001-19999)",4933,1,"No",11,"high","very high",0,22,3,"high","High (21-25 Years)",17,11,15
"224",1394,"51 to 60","Travel_Rarely","Medium (451-800)","Research & Development","6-9 miles",3,"Life Sciences",162,"low","Male","Medium (41-60)","high",5,"Research Director","high","Single","Very High (16001-19999)",6462,7,"No",13,"high","high",0,23,5,"high","Medium-High (16-20 Years)",18,15,15
"225",1395,"18 to 28","Travel_Rarely","Very High (1151-1500)","Research & Development","<=2 miles",2,"Life Sciences",872,"very high","Male","Low(0-40)","medium",2,"Manufacturing Director","very high","Married","low-Medium (4001-7000)",19146,6,"No",22,"very high","low",2,4,2,"low","Low(0-5 Years)",2,2,2
"226",1396,"29 to 39","Travel_Rarely","Very High (1151-1500)","Research & Development",">=16",3,"Life Sciences",586,"very high","Male","High (61-80)","high",3,"Healthcare Representative","high","Married","Medium (7001-10000)",14295,4,"Yes",12,"high","high",0,10,2,"high","low-Medium (6-10 Years)",7,0,0
"227",1397,"29 to 39","Travel_Frequently","Medium (451-800)","Research & Development","3-5 miles",4,"Life Sciences",1350,"high","Male","Very High (81-110)","high",2,"Research Scientist","high","Single","low-Medium (4001-7000)",2690,1,"Yes",11,"high","medium",0,9,3,"high","low-Medium (6-10 Years)",6,1,1
"228",1398,"29 to 39","Travel_Frequently","Very High (1151-1500)","Research & Development",">=16",4,"Life Sciences",2049,"high","Male","High (61-80)","high",2,"Healthcare Representative","high","Married","low-Medium (4001-7000)",24594,1,"Yes",14,"high","very high",2,10,2,"very high","low-Medium (6-10 Years)",2,0,2
"229",1399,"40 to 50","Travel_Rarely","High (801-1150)","Sales","<=2 miles",2,"Medical",453,"medium","Male","Medium (41-60)","low",2,"Sales Executive","very high","Married","Medium (7001-10000)",13273,2,"Yes",22,"very high","high",3,6,2,"medium","Low(0-5 Years)",3,0,2
"230",1400,"29 to 39","Travel_Rarely","High (801-1150)","Research & Development","10-15 miles",3,"Life Sciences",515,"very high","Female","Very High (81-110)","high",1,"Laboratory Technician","low","Divorced","Low(1000-4000)",26914,1,"No",12,"high","high",1,18,2,"medium","Medium-High (16-20 Years)",7,12,17
"231",1401,"29 to 39","Travel_Rarely","Low(100-450)","Research & Development","<=2 miles",3,"Life Sciences",1569,"low","Female","High (61-80)","high",1,"Laboratory Technician","low","Divorced","Low(1000-4000)",26619,1,"Yes",12,"high","very high",1,1,2,"high","Low(0-5 Years)",0,0,0
"232",1402,"18 to 28","Travel_Rarely","Low(100-450)","Sales","3-5 miles",1,"Other",879,"high","Male","Very High (81-110)","high",2,"Sales Executive","low","Married","low-Medium (4001-7000)",14363,1,"Yes",18,"high","very high",0,5,3,"high","Low(0-5 Years)",3,0,3
"233",1403,"40 to 50","Travel_Rarely","Very High (1151-1500)","Research & Development","3-5 miles",2,"Life Sciences",1288,"high","Male","Very High (81-110)","very high",5,"Manager","low","Divorced","Very High (16001-19999)",17477,1,"No",14,"high","very high",2,26,4,"medium","High (21-25 Years)",9,14,13
"234",1404,"29 to 39","Travel_Rarely","Low(100-450)","Research & Development",">=16",3,"Life Sciences",577,"very high","Male","Medium (41-60)","low",1,"Laboratory Technician","high","Single","low-Medium (4001-7000)",19225,0,"No",15,"high","high",0,6,2,"high","Low(0-5 Years)",4,4,3
"235",1405,"29 to 39","Travel_Frequently","Medium (451-800)","Sales",">=16",4,"Marketing",1967,"low","Male","High (61-80)","high",2,"Sales Executive","very high","Married","low-Medium (4001-7000)",21075,1,"Yes",11,"high","high",0,10,4,"high","low-Medium (6-10 Years)",7,0,8
"236",1406,"29 to 39","Travel_Rarely","Very High (1151-1500)","Research & Development","<=2 miles",4,"Life Sciences",826,"very high","Female","Low(0-40)","very high",1,"Research Scientist","high","Single","Low(1000-4000)",13301,3,"No",13,"high","high",0,7,0,"high","Low(0-5 Years)",2,2,2
"237",1407,"29 to 39","Travel_Rarely","High (801-1150)","Research & Development","<=2 miles",3,"Medical",39,"high","Male","High (61-80)","high",1,"Laboratory Technician","very high","Single","Low(1000-4000)",6670,4,"No",11,"high","very high",0,7,3,"high","Low(0-5 Years)",1,0,0
"238",1408,"29 to 39","Travel_Rarely","Low(100-450)","Research & Development","6-9 miles",1,"Other",1544,"high","Female","Low(0-40)","low",2,"Healthcare Representative","low","Married","Medium (7001-10000)",7288,3,"No",13,"high","high",1,9,3,"high","low-Medium (6-10 Years)",7,0,7
"239",1409,"51 to 60","Travel_Rarely","Medium (451-800)","Research & Development","<=2 miles",3,"Medical",374,"very high","Male","Very High (81-110)","high",5,"Manager","low","Single","Very High (16001-19999)",18938,0,"Yes",14,"high","high",0,37,2,"high",">30 Years",10,4,13
"240",1410,"51 to 60","Travel_Rarely","High (801-1150)","Sales",">=16",5,"Life Sciences",597,"low","Female","Very High (81-110)","high",4,"Manager","medium","Single","Very High (16001-19999)",9873,3,"No",23,"very high","very high",0,37,2,"high","low-Medium (6-10 Years)",9,7,7
"241",1411,"18 to 28","Travel_Rarely","Medium (451-800)","Research & Development","<=2 miles",2,"Life Sciences",2007,"very high","Male","High (61-80)","high",1,"Research Scientist","high","Single","Low(1000-4000)",17624,0,"No",12,"high","very high",0,4,2,"very high","Low(0-5 Years)",2,1,2
"242",1412,"29 to 39","Non-Travel","High (801-1150)","Research & Development","3-5 miles",4,"Technical Degree",1764,"medium","Male","High (61-80)","high",1,"Research Scientist","medium","Single","Low(1000-4000)",17674,2,"No",14,"high","medium",0,12,3,"high","low-Medium (6-10 Years)",7,0,7
"243",1413,"40 to 50","Travel_Rarely","Very High (1151-1500)","Research & Development","<=2 miles",4,"Medical",1061,"medium","Male","High (61-80)","high",5,"Research Director","high","Married","Very High (16001-19999)",12853,2,"Yes",11,"high","very high",1,29,2,"medium","low-Medium (6-10 Years)",1,7,7
"244",1414,"29 to 39","Travel_Rarely","Very High (1151-1500)","Sales","3-5 miles",4,"Marketing",1425,"low","Female","Very High (81-110)","high",2,"Sales Executive","medium","Single","Medium (7001-10000)",20763,3,"Yes",16,"high","very high",0,15,3,"high","Low(0-5 Years)",4,0,1
"245",1415,"40 to 50","Travel_Frequently","Very High (1151-1500)","Research & Development",">=16",3,"Medical",202,"medium","Female","Medium (41-60)","high",2,"Research Scientist","medium","Divorced","low-Medium (4001-7000)",8504,1,"No",11,"high","low",1,20,2,"high","Medium-High (16-20 Years)",7,2,13
"246",1416,"29 to 39","Travel_Frequently","High (801-1150)","Research & Development","<=2 miles",4,"Other",998,"high","Female","Very High (81-110)","very high",2,"Healthcare Representative","medium","Married","low-Medium (4001-7000)",20161,1,"Yes",13,"high","low",1,6,2,"high","low-Medium (6-10 Years)",5,1,2
"247",1417,"29 to 39","Travel_Frequently","Medium (451-800)","Research & Development","<=2 miles",3,"Life Sciences",1464,"medium","Male","Very High (81-110)","high",1,"Laboratory Technician","very high","Married","Low(1000-4000)",21081,6,"Yes",13,"high","high",1,7,2,"low","Low(0-5 Years)",2,2,2
"248",1418,"18 to 28","Travel_Rarely","High (801-1150)","Research & Development","6-9 miles",3,"Life Sciences",686,"high","Female","High (61-80)","high",1,"Laboratory Technician","very high","Married","Low(1000-4000)",17759,1,"Yes",13,"high","high",1,3,2,"high","Low(0-5 Years)",2,0,2
"249",1419,"29 to 39","Travel_Frequently","Very High (1151-1500)","Research & Development","<=2 miles",5,"Life Sciences",1459,"high","Female","Very High (81-110)","very high",3,"Manufacturing Director","medium","Single","Medium (7001-10000)",8931,1,"No",11,"high","low",0,10,2,"high","low-Medium (6-10 Years)",8,4,7
"250",1420,"29 to 39","Travel_Rarely","Medium (451-800)","Research & Development","6-9 miles",1,"Life Sciences",1291,"high","Male","High (61-80)","high",1,"Research Scientist","high","Married","Low(1000-4000)",6020,0,"Yes",14,"high","very high",0,4,3,"high","Low(0-5 Years)",2,2,2
"251",1421,"29 to 39","Travel_Rarely","High (801-1150)","Research & Development",">=16",3,"Medical",1108,"low","Male","Medium (41-60)","medium",1,"Research Scientist","medium","Single","Low(1000-4000)",2993,4,"Yes",20,"very high","medium",0,5,0,"high","Low(0-5 Years)",2,2,2
"252",1422,"40 to 50","Non-Travel","Low(100-450)","Research & Development","6-9 miles",1,"Life Sciences",1035,"medium","Female","Medium (41-60)","low",5,"Research Director","high","Divorced","Very High (16001-19999)",20284,1,"No",22,"very high","medium",2,21,3,"high","High (21-25 Years)",16,5,10
"253",1423,"40 to 50","Travel_Rarely","Low(100-450)","Human Resources","10-15 miles",4,"Human Resources",731,"medium","Male","High (61-80)","medium",5,"Manager","very high","Divorced","Very High (16001-19999)",8861,3,"No",15,"high","medium",3,23,2,"medium","High (21-25 Years)",6,12,6
"254",1424,"18 to 28","Non-Travel","Low(100-450)","Research & Development","3-5 miles",3,"Medical",850,"very high","Male","Medium (41-60)","high",1,"Research Scientist","very high","Married","Low(1000-4000)",16571,1,"No",11,"high","high",3,0,6,"medium","Low(0-5 Years)",0,0,0
"255",1425,"40 to 50","Travel_Rarely","Low(100-450)","Sales","3-5 miles",1,"Marketing",1124,"low","Male","Medium (41-60)","high",4,"Manager","high","Married","Very High (16001-19999)",15596,3,"No",12,"high","very high",1,23,3,"high","Medium (11-15 Years)",9,4,9
"256",1426,"40 to 50","Travel_Rarely","High (801-1150)","Research & Development","10-15 miles",3,"Technical Degree",491,"very high","Male","Very High (81-110)","medium",3,"Healthcare Representative","very high","Single","Medium-High (10001-13000)",2755,6,"No",15,"high","very high",0,20,2,"high","Low(0-5 Years)",3,1,3
"257",1427,"40 to 50","Travel_Frequently","Very High (1151-1500)","Research & Development","6-9 miles",4,"Life Sciences",341,"low","Male","High (61-80)","very high",2,"Manufacturing Director","high","Married","low-Medium (4001-7000)",5118,4,"No",17,"high","very high",1,9,1,"high","Low(0-5 Years)",2,0,2
"258",1428,"29 to 39","Non-Travel","High (801-1150)","Research & Development","6-9 miles",2,"Medical",1298,"high","Female","High (61-80)","high",2,"Manufacturing Director","high","Single","low-Medium (4001-7000)",12858,7,"Yes",18,"high","high",0,10,3,"high","low-Medium (6-10 Years)",4,1,7
"259",1429,"18 to 28","Travel_Rarely","High (801-1150)","Sales","3-5 miles",4,"Marketing",401,"very high","Male","Medium (41-60)","medium",2,"Sales Executive","very high","Single","low-Medium (4001-7000)",8450,1,"Yes",12,"high","medium",0,8,0,"high","low-Medium (6-10 Years)",7,7,4
"260",1430,"40 to 50","Travel_Rarely","High (801-1150)","Research & Development","<=2 miles",4,"Life Sciences",1892,"low","Male","Very High (81-110)","high",4,"Manager","low","Divorced","Very High (16001-19999)",18991,2,"No",11,"high","low",1,22,3,"high","Medium-High (16-20 Years)",7,11,16
"261",1431,"51 to 60","Travel_Rarely","High (801-1150)","Research & Development","<=2 miles",4,"Medical",1424,"medium","Male","Very High (81-110)","very high",4,"Research Director","very high","Divorced","High (13001-16000)",12414,2,"No",13,"high","very high",2,31,4,"very high","low-Medium (6-10 Years)",7,0,0
"262",1432,"29 to 39","Non-Travel","Medium (451-800)","Sales","<=2 miles",4,"Life Sciences",1324,"very high","Female","Medium (41-60)","high",3,"Sales Executive","high","Divorced","Medium (7001-10000)",8935,1,"Yes",19,"high","low",1,10,5,"medium","low-Medium (6-10 Years)",8,9,6
"263",1433,"29 to 39","Non-Travel","Medium (451-800)","Sales",">=16",3,"Life Sciences",992,"very high","Male","Low(0-40)","high",4,"Manager","high","Single","Very High (16001-19999)",20489,1,"No",11,"high","very high",0,10,2,"high","low-Medium (6-10 Years)",8,6,0
"264",1434,"40 to 50","Travel_Frequently","High (801-1150)","Sales","<=2 miles",4,"Life Sciences",2044,"medium","Male","Very High (81-110)","high",2,"Sales Executive","high","Divorced","low-Medium (4001-7000)",14255,7,"No",12,"high","very high",2,12,3,"high","low-Medium (6-10 Years)",3,0,1
"265",1435,"18 to 28","Non-Travel","Medium (451-800)","Research & Development","10-15 miles",2,"Other",26,"low","Female","Very High (81-110)","very high",2,"Manufacturing Director","high","Divorced","low-Medium (4001-7000)",8232,0,"No",18,"high","very high",1,5,5,"medium","Low(0-5 Years)",2,1,3
"266",1436,"40 to 50","Travel_Rarely","High (801-1150)","Research & Development",">=16",3,"Technical Degree",1546,"very high","Male","Very High (81-110)","high",1,"Research Scientist","very high","Married","Low(1000-4000)",4585,4,"No",20,"very high","very high",1,8,3,"high","Low(0-5 Years)",4,0,3
"267",1437,"51 to 60","Travel_Rarely","Very High (1151-1500)","Research & Development",">=16",4,"Medical",1689,"medium","Male","Medium (41-60)","very high",3,"Healthcare Representative","very high","Married","Medium (7001-10000)",3458,3,"No",15,"high","high",0,11,2,"high","Low(0-5 Years)",3,1,2
"268",1438,"29 to 39","Travel_Rarely","Medium (451-800)","Sales","6-9 miles",4,"Medical",653,"low","Male","High (61-80)","very high",2,"Sales Executive","very high","Divorced","low-Medium (4001-7000)",6219,4,"No",22,"very high","very high",2,13,4,"very high","low-Medium (6-10 Years)",7,5,7
"269",1439,"29 to 39","Non-Travel","Medium (451-800)","Research & Development","<=2 miles",3,"Life Sciences",1458,"low","Female","Medium (41-60)","medium",1,"Laboratory Technician","low","Single","Low(1000-4000)",17181,2,"Yes",23,"very high","medium",0,11,2,"very high","Low(0-5 Years)",0,0,0
"270",1440,"29 to 39","Travel_Rarely","Medium (451-800)","Research & Development",">=16",4,"Medical",1014,"high","Female","Medium (41-60)","high",3,"Healthcare Representative","high","Divorced","Medium-High (10001-13000)",6975,1,"Yes",11,"high","high",1,16,3,"medium","Medium-High (16-20 Years)",10,10,1
"271",1441,"29 to 39","Travel_Rarely","Medium (451-800)","Sales","<=2 miles",4,"Marketing",1835,"medium","Female","High (61-80)","low",2,"Sales Representative","very high","Married","low-Medium (4001-7000)",4244,2,"Yes",20,"very high","low",2,20,4,"medium","Low(0-5 Years)",2,0,3
"272",1442,"18 to 28","Travel_Rarely","Very High (1151-1500)","Research & Development","6-9 miles",3,"Life Sciences",811,"high","Male","High (61-80)","very high",1,"Laboratory Technician","low","Married","Low(1000-4000)",3445,1,"Yes",21,"very high","high",2,1,2,"high","Low(0-5 Years)",0,0,0
"273",1443,"29 to 39","Non-Travel","Low(100-450)","Research & Development","3-5 miles",3,"Medical",2057,"medium","Male","High (61-80)","high",2,"Manufacturing Director","low","Single","Medium (7001-10000)",3787,0,"No",19,"high","medium",0,10,2,"high","low-Medium (6-10 Years)",4,1,7
"274",1444,"18 to 28","Travel_Rarely","Low(100-450)","Sales","10-15 miles",3,"Life Sciences",494,"high","Female","Very High (81-110)","very high",1,"Sales Representative","medium","Single","Low(1000-4000)",25422,1,"No",15,"high","very high",0,1,0,"high","Low(0-5 Years)",0,0,0
"275",1445,"18 to 28","Travel_Rarely","Medium (451-800)","Human Resources","<=2 miles",2,"Technical Degree",566,"low","Male","Medium (41-60)","medium",1,"Human Resources","very high","Single","Low(1000-4000)",18437,1,"No",12,"high","high",0,1,3,"very high","Low(0-5 Years)",0,0,0
"276",1446,"29 to 39","Travel_Rarely","Medium (451-800)","Research & Development","6-9 miles",3,"Life Sciences",1883,"very high","Male","Medium (41-60)","high",1,"Laboratory Technician","low","Single","Low(1000-4000)",19384,3,"No",14,"high","medium",0,11,2,"high","Low(0-5 Years)",2,1,2
"277",1447,"18 to 28","Travel_Frequently","Very High (1151-1500)","Sales","<=2 miles",3,"Medical",956,"high","Male","Medium (41-60)","medium",2,"Sales Executive","low","Single","low-Medium (4001-7000)",11148,1,"No",12,"high","medium",0,7,2,"high","low-Medium (6-10 Years)",7,0,7
"278",1448,"40 to 50","Travel_Rarely","Medium (451-800)","Research & Development","10-15 miles",3,"Life Sciences",1971,"low","Male","Low(0-40)","high",3,"Healthcare Representative","high","Married","Medium (7001-10000)",16873,1,"No",17,"high","medium",1,10,1,"high","low-Medium (6-10 Years)",9,0,9
"279",1449,"29 to 39","Travel_Rarely","Low(100-450)","Sales",">=16",3,"Life Sciences",1739,"very high","Male","High (61-80)","low",3,"Sales Executive","high","Married","Medium (7001-10000)",3840,3,"No",13,"high","high",1,10,2,"low","Low(0-5 Years)",3,0,2
"280",1450,"18 to 28","Travel_Rarely","Medium (451-800)","Research & Development","10-15 miles",3,"Medical",144,"medium","Female","Medium (41-60)","high",1,"Laboratory Technician","very high","Single","Low(1000-4000)",23785,1,"No",15,"high","high",0,1,5,"high","Low(0-5 Years)",0,0,0
"281",1451,"18 to 28","Travel_Rarely","Very High (1151-1500)","Research & Development",">=16",3,"Technical Degree",1960,"high","Male","Low(0-40)","medium",1,"Laboratory Technician","very high","Divorced","Low(1000-4000)",18779,5,"No",12,"high","low",1,6,2,"medium","Low(0-5 Years)",1,0,3
"282",1452,"29 to 39","Travel_Frequently","High (801-1150)","Research & Development","<=2 miles",4,"Life Sciences",710,"medium","Male","High (61-80)","low",1,"Research Scientist","very high","Divorced","Low(1000-4000)",18959,1,"No",18,"high","very high",1,10,5,"high","low-Medium (6-10 Years)",7,2,8
"283",1453,"51 to 60","Travel_Rarely","High (801-1150)","Sales","<=2 miles",4,"Life Sciences",1070,"high","Female","Medium (41-60)","medium",3,"Sales Executive","high","Married","Medium-High (10001-13000)",8392,6,"No",11,"high","medium",1,13,4,"high","low-Medium (6-10 Years)",4,7,0
"284",1454,"51 to 60","Travel_Frequently","Very High (1151-1500)","Research & Development","6-9 miles",3,"Medical",1071,"low","Female","High (61-80)","high",1,"Research Scientist","high","Married","Low(1000-4000)",12154,2,"No",19,"high","medium",1,18,4,"high","Low(0-5 Years)",4,0,3
"285",1455,"29 to 39","Travel_Frequently","Low(100-450)","Sales","10-15 miles",3,"Technical Degree",1487,"low","Female","Medium (41-60)","high",2,"Sales Executive","medium","Single","low-Medium (4001-7000)",17485,5,"No",11,"high","low",0,7,4,"low","Low(0-5 Years)",3,0,0
"286",1456,"18 to 28","Travel_Rarely","Very High (1151-1500)","Research & Development","6-9 miles",1,"Medical",1684,"very high","Male","Very High (81-110)","medium",1,"Laboratory Technician","high","Single","Low(1000-4000)",20586,1,"Yes",11,"high","low",0,5,2,"high","Low(0-5 Years)",4,1,2
"287",1457,"40 to 50","Travel_Rarely","High (801-1150)","Research & Development","<=2 miles",4,"Life Sciences",927,"medium","Female","Medium (41-60)","low",1,"Laboratory Technician","very high","Divorced","Low(1000-4000)",17725,4,"Yes",13,"high","high",1,10,1,"medium","low-Medium (6-10 Years)",7,1,0
"288",1458,"18 to 28","Travel_Rarely","Very High (1151-1500)","Research & Development","3-5 miles",3,"Life Sciences",434,"high","Female","Very High (81-110)","high",1,"Research Scientist","medium","Single","Low(1000-4000)",20938,1,"Yes",12,"high","medium",0,4,2,"medium","Low(0-5 Years)",3,1,2
"289",1459,"40 to 50","Travel_Frequently","High (801-1150)","Research & Development",">=16",3,"Life Sciences",392,"very high","Male","Medium (41-60)","high",1,"Laboratory Technician","high","Divorced","Low(1000-4000)",19920,3,"Yes",22,"very high","very high",1,19,0,"low","Low(0-5 Years)",0,0,0
"290",1460,"18 to 28","Travel_Rarely","Medium (451-800)","Research & Development","6-9 miles",1,"Medical",675,"low","Male","High (61-80)","high",1,"Research Scientist","high","Married","Low(1000-4000)",12145,0,"No",20,"very high","very high",0,3,3,"high","Low(0-5 Years)",2,2,2
"291",1461,"40 to 50","Travel_Rarely","Medium (451-800)","Research & Development","3-5 miles",3,"Medical",852,"very high","Male","Medium (41-60)","high",2,"Healthcare Representative","medium","Single","low-Medium (4001-7000)",5197,9,"No",12,"high","very high",0,10,2,"medium","Low(0-5 Years)",2,2,3
"292",1462,"29 to 39","Travel_Rarely","Medium (451-800)","Research & Development","10-15 miles",1,"Life Sciences",802,"very high","Female","Very High (81-110)","high",1,"Research Scientist","low","Divorced","Low(1000-4000)",19905,0,"Yes",13,"high","medium",2,6,3,"medium","Low(0-5 Years)",3,4,3
"293",1463,"29 to 39","Travel_Rarely","Low(100-450)","Research & Development","6-9 miles",3,"Medical",1609,"medium","Male","Medium (41-60)","medium",1,"Research Scientist","medium","Married","Low(1000-4000)",5348,1,"No",12,"high","medium",1,6,3,"medium","low-Medium (6-10 Years)",4,1,1
"294",1464,"40 to 50","Travel_Frequently","High (801-1150)","Sales","<=2 miles",3,"Medical",2065,"very high","Male","High (61-80)","medium",2,"Sales Executive","medium","Married","low-Medium (4001-7000)",13243,2,"No",14,"high","very high",0,17,3,"medium","low-Medium (6-10 Years)",6,0,8
"295",1465,"18 to 28","Travel_Rarely","Medium (451-800)","Research & Development","3-5 miles",3,"Life Sciences",1581,"low","Female","Very High (81-110)","high",1,"Research Scientist","very high","Married","Low(1000-4000)",11133,1,"No",21,"very high","low",0,1,5,"high","Low(0-5 Years)",0,0,0
"296",1466,"29 to 39","Travel_Rarely","High (801-1150)","Research & Development","<=2 miles",4,"Medical",958,"high","Male","High (61-80)","high",1,"Laboratory Technician","high","Single","Low(1000-4000)",12287,4,"No",21,"very high","high",0,16,6,"high","Medium (11-15 Years)",8,3,9
"297",1467,"29 to 39","Travel_Rarely","High (801-1150)","Sales","6-9 miles",4,"Medical",125,"medium","Male","Very High (81-110)","high",2,"Sales Executive","high","Single","low-Medium (4001-7000)",24301,1,"No",16,"high","low",0,12,0,"high","Medium (11-15 Years)",8,5,7
"298",1468,"18 to 28","Travel_Rarely","Very High (1151-1500)","Research & Development",">=16",3,"Life Sciences",55,"low","Male","Medium (41-60)","low",1,"Laboratory Technician","high","Single","Low(1000-4000)",10558,1,"No",12,"high","high",0,1,2,"medium","Low(0-5 Years)",0,0,1
"299",1469,"40 to 50","Travel_Rarely","Low(100-450)","Research & Development","<=2 miles",3,"Other",336,"high","Male","High (61-80)","very high",5,"Manager","very high","Married","Very High (16001-19999)",15970,0,"No",11,"high","high",1,25,2,"high","High (21-25 Years)",0,1,7
"300",1470,"40 to 50","Travel_Rarely","Low(100-450)","Sales","<=2 miles",2,"Marketing",903,"high","Female","Low(0-40)","high",2,"Sales Executive","very high","Married","low-Medium (4001-7000)",17783,0,"Yes",22,"very high","low",1,8,2,"high","low-Medium (6-10 Years)",6,7,7
