"","ID","Age","Attrition","BusinessTravel","DailyRate","Department","DistanceFromHome","Education","EducationField","EmployeeNumber","EnvironmentSatisfaction","Gender","HourlyRate","JobInvolvement","JobLevel","JobRole","JobSatisfaction","MaritalStatus","MonthlyRate","NumCompaniesWorked","OverTime","PercentSalaryHike","PerformanceRating","RelationshipSatisfaction","StockOptionLevel","TotalWorkingYears","TrainingTimesLastYear","WorkLifeBalance","YearsAtCompany","YearsInCurrentRole","YearsSinceLastPromotion","YearsWithCurrManager","MonthlyIncome","Attrition_num"
"1",871,"40 to 50","No","Travel_Frequently","Very High (1151-1500)","Sales","<=2 miles",4,"Life Sciences",1849,"low","Male","Very High (81-110)","high",2,"Sales Executive","very high","Married",19246,1,"No",20,"very high","high",1,7,5,"high","low-Medium (6-10 Years)",7,7,7,"NA",0
"2",872,"29 to 39","No","Travel_Rarely","Medium (451-800)","Research & Development","10-15 miles",1,"Life Sciences",995,"medium","Female","Medium (41-60)","high",1,"Research Scientist","very high","Single",17241,3,"No",18,"high","low",0,5,4,"high","Low(0-5 Years)",2,0,2,"NA",0
"3",873,"51 to 60","Yes","Travel_Rarely","Low(100-450)","Sales","10-15 miles",4,"Marketing",1372,"low","Male","Very High (81-110)","very high",4,"Sales Executive","high","Single",9277,6,"Yes",17,"high","high",0,24,2,"medium","Medium-High (16-20 Years)",7,3,8,"NA",1
"4",874,"29 to 39","No","Non-Travel","Very High (1151-1500)","Research & Development","6-9 miles",4,"Life Sciences",1949,"low","Male","High (61-80)","very high",1,"Laboratory Technician","medium","Married",9238,1,"No",22,"very high","medium",0,5,3,"high","Low(0-5 Years)",4,0,2,"NA",0
"5",875,"18 to 28","No","Travel_Rarely","Very High (1151-1500)","Research & Development",">=16",3,"Other",1619,"very high","Male","High (61-80)","medium",1,"Laboratory Technician","low","Divorced",16290,1,"No",11,"high","low",2,7,3,"high","low-Medium (6-10 Years)",7,0,7,"NA",0
"6",876,"29 to 39","Yes","Travel_Rarely","High (801-1150)","Sales","3-5 miles",3,"Technical Degree",42,"very high","Male","Medium (41-60)","high",2,"Sales Representative","very high","Married",3335,3,"No",14,"high","high",1,19,6,"very high","Low(0-5 Years)",0,0,0,"NA",1
"7",877,"29 to 39","No","Non-Travel","Medium (451-800)","Sales",">=16",2,"Marketing",160,"high","Male","Very High (81-110)","high",2,"Sales Executive","medium","Married",15480,0,"No",13,"high","low",1,8,2,"very high","low-Medium (6-10 Years)",7,0,7,"NA",0
"8",878,"18 to 28","Yes","Travel_Frequently","Low(100-450)","Research & Development","10-15 miles",2,"Life Sciences",1279,"low","Female","Medium (41-60)","medium",1,"Laboratory Technician","high","Single",25308,1,"No",20,"very high","high",0,2,2,"low","Low(0-5 Years)",2,2,2,"NA",1
"9",879,"29 to 39","No","Travel_Frequently","Very High (1151-1500)","Research & Development",">=16",3,"Life Sciences",159,"low","Male","Very High (81-110)","low",1,"Research Scientist","high","Divorced",22310,1,"No",25,"very high","high",3,10,2,"medium","low-Medium (6-10 Years)",7,0,9,"NA",0
"10",880,"51 to 60","No","Travel_Rarely","Very High (1151-1500)","Research & Development","10-15 miles",2,"Technical Degree",1367,"very high","Female","Very High (81-110)","medium",4,"Manufacturing Director","medium","Single",24439,3,"No",16,"high","medium",0,29,1,"medium","Low(0-5 Years)",2,0,3,"NA",0
"11",881,"40 to 50","Yes","Travel_Rarely","Low(100-450)","Sales","6-9 miles",3,"Marketing",1457,"low","Male","Medium (41-60)","high",3,"Sales Executive","very high","Divorced",15986,4,"No",11,"high","low",1,28,1,"very high","low-Medium (6-10 Years)",7,4,3,"NA",1
"12",882,"40 to 50","No","Travel_Rarely","Low(100-450)","Research & Development","<=2 miles",4,"Life Sciences",1361,"medium","Male","Very High (81-110)","high",1,"Laboratory Technician","medium","Married",6762,3,"No",22,"very high","high",1,7,3,"high","Low(0-5 Years)",2,0,3,"NA",0
"13",883,"29 to 39","No","Travel_Rarely","Very High (1151-1500)","Sales","3-5 miles",2,"Medical",690,"medium","Female","High (61-80)","high",2,"Sales Executive","high","Married",3487,1,"No",14,"high","low",1,6,5,"medium","low-Medium (6-10 Years)",0,1,2,"NA",0
"14",884,"18 to 28","No","Travel_Frequently","High (801-1150)","Sales","6-9 miles",1,"Marketing",800,"high","Male","Very High (81-110)","high",2,"Sales Executive","very high","Married",24008,0,"No",19,"high","medium",1,5,3,"high","Low(0-5 Years)",2,1,1,"NA",0
"15",885,"29 to 39","No","Travel_Rarely","Very High (1151-1500)","Sales","<=2 miles",3,"Medical",366,"low","Male","High (61-80)","medium",2,"Sales Executive","medium","Married",3687,2,"No",19,"high","medium",2,10,2,"high","Low(0-5 Years)",0,0,0,"NA",0
"16",886,"18 to 28","Yes","Travel_Rarely","Medium (451-800)","Research & Development","3-5 miles",1,"Life Sciences",926,"medium","Female","Low(0-40)","high",2,"Manufacturing Director","high","Married",10022,0,"Yes",19,"high","low",1,4,3,"very high","Low(0-5 Years)",2,0,2,"NA",1
"17",887,"29 to 39","No","Travel_Rarely","Medium (451-800)","Research & Development",">=16",1,"Life Sciences",1859,"very high","Male","Very High (81-110)","low",2,"Healthcare Representative","high","Divorced",21143,8,"No",17,"high","very high",2,11,3,"high","low-Medium (6-10 Years)",0,1,6,"NA",0
"18",888,"29 to 39","No","Travel_Rarely","Low(100-450)","Research & Development","6-9 miles",5,"Life Sciences",775,"medium","Female","Low(0-40)","high",2,"Manufacturing Director","low","Divorced",4187,3,"No",14,"high","high",1,7,3,"high","Low(0-5 Years)",0,0,0,"NA",0
"19",889,"29 to 39","No","Travel_Rarely","Medium (451-800)","Research & Development","6-9 miles",4,"Life Sciences",76,"very high","Male","Medium (41-60)","high",2,"Laboratory Technician","very high","Divorced",9528,3,"No",22,"very high","very high",1,10,3,"medium","low-Medium (6-10 Years)",7,1,7,"NA",0
"20",890,"29 to 39","No","Travel_Rarely","Medium (451-800)","Human Resources","6-9 miles",4,"Technical Degree",1164,"high","Male","Very High (81-110)","high",1,"Human Resources","high","Single",7108,1,"No",17,"high","medium",0,6,2,"low","Low(0-5 Years)",4,1,4,"NA",0
"21",891,"40 to 50","No","Travel_Rarely","Medium (451-800)","Research & Development","<=2 miles",3,"Life Sciences",1346,"high","Male","Very High (81-110)","high",2,"Research Scientist","very high","Single",22455,1,"No",13,"high","high",0,9,4,"high","low-Medium (6-10 Years)",8,8,8,"NA",0
"22",892,"29 to 39","No","Travel_Rarely","Very High (1151-1500)","Sales",">=16",4,"Technical Degree",1568,"high","Male","Low(0-40)","high",3,"Sales Executive","medium","Married",17799,3,"No",12,"high","medium",1,9,3,"high","Low(0-5 Years)",2,1,3,"NA",0
"23",893,"40 to 50","Yes","Travel_Rarely","Medium (451-800)","Sales","6-9 miles",2,"Medical",118,"high","Male","High (61-80)","medium",3,"Sales Executive","very high","Single",13596,1,"No",16,"high","very high",0,9,3,"high","low-Medium (6-10 Years)",8,4,7,"NA",1
"24",894,"18 to 28","No","Travel_Frequently","Very High (1151-1500)","Sales","3-5 miles",1,"Medical",714,"very high","Female","High (61-80)","very high",2,"Sales Executive","very high","Divorced",16673,1,"Yes",20,"very high","medium",2,6,3,"high","low-Medium (6-10 Years)",5,0,4,"NA",0
"25",895,"40 to 50","No","Travel_Rarely","Very High (1151-1500)","Research & Development","6-9 miles",4,"Life Sciences",1484,"high","Male","Low(0-40)","high",3,"Healthcare Representative","medium","Divorced",20948,3,"No",14,"high","medium",2,29,3,"high","low-Medium (6-10 Years)",7,0,7,"NA",0
"26",896,"40 to 50","No","Travel_Rarely","Medium (451-800)","Research & Development","<=2 miles",2,"Life Sciences",1857,"very high","Male","Very High (81-110)","high",3,"Manufacturing Director","very high","Divorced",19989,3,"No",14,"high","high",1,12,4,"medium","low-Medium (6-10 Years)",8,4,7,"NA",0
"27",897,"29 to 39","Yes","Travel_Rarely","Low(100-450)","Sales",">=16",3,"Life Sciences",1758,"low","Female","High (61-80)","high",3,"Sales Executive","low","Single",10092,2,"Yes",20,"very high","high",0,11,2,"medium","Low(0-5 Years)",0,0,0,"NA",1
"28",898,"40 to 50","No","Non-Travel","Medium (451-800)","Research & Development","<=2 miles",1,"Life Sciences",1334,"high","Male","Low(0-40)","high",4,"Manager","high","Married",26582,0,"Yes",13,"high","very high",0,21,3,"medium","Medium-High (16-20 Years)",8,2,10,"NA",0
"29",899,"29 to 39","No","Travel_Rarely","Medium (451-800)","Sales","10-15 miles",2,"Medical",1356,"high","Female","High (61-80)","high",2,"Sales Executive","low","Single",23553,1,"No",12,"high","very high",0,10,6,"very high","low-Medium (6-10 Years)",8,9,6,"NA",0
"30",900,"29 to 39","No","Travel_Rarely","Low(100-450)","Research & Development","<=2 miles",3,"Life Sciences",501,"very high","Female","Very High (81-110)","high",1,"Research Scientist","high","Married",11868,4,"No",13,"high","medium",1,6,3,"high","Low(0-5 Years)",2,2,2,"NA",0
"31",901,"18 to 28","No","Travel_Rarely","Medium (451-800)","Research & Development","<=2 miles",1,"Medical",7,"low","Male","Low(0-40)","high",1,"Laboratory Technician","medium","Married",16632,9,"No",12,"high","very high",1,6,3,"high","Low(0-5 Years)",2,2,2,"NA",0
"32",902,"40 to 50","No","Travel_Frequently","Low(100-450)","Sales","<=2 miles",5,"Marketing",1481,"low","Female","High (61-80)","high",2,"Sales Executive","high","Married",9282,7,"No",12,"high","high",1,11,4,"medium","Low(0-5 Years)",0,0,0,"NA",0
"33",903,"40 to 50","No","Travel_Rarely","Medium (451-800)","Sales",">=16",4,"Life Sciences",1557,"high","Female","Very High (81-110)","high",2,"Sales Executive","high","Divorced",13693,8,"No",14,"high","high",1,18,2,"high","low-Medium (6-10 Years)",7,7,7,"NA",0
"34",904,"40 to 50","No","Travel_Rarely","Medium (451-800)","Research & Development","<=2 miles",4,"Life Sciences",2012,"low","Male","Very High (81-110)","high",1,"Laboratory Technician","very high","Married",4060,8,"No",19,"high","high",2,8,3,"medium","Low(0-5 Years)",0,0,0,"NA",0
"35",905,"40 to 50","No","Travel_Rarely","Very High (1151-1500)","Sales","10-15 miles",2,"Life Sciences",1045,"very high","Female","Very High (81-110)","high",4,"Manager","very high","Married",5404,3,"No",13,"high","medium",1,26,4,"very high","low-Medium (6-10 Years)",3,1,1,"NA",0
"36",906,"29 to 39","No","Travel_Frequently","High (801-1150)","Sales","6-9 miles",3,"Life Sciences",1114,"very high","Female","Low(0-40)","high",2,"Sales Executive","medium","Married",13401,0,"No",17,"high","high",1,4,3,"high","Low(0-5 Years)",2,0,2,"NA",0
"37",907,"40 to 50","No","Travel_Frequently","Medium (451-800)","Research & Development","<=2 miles",3,"Medical",124,"high","Male","Low(0-40)","medium",3,"Healthcare Representative","low","Married",3142,2,"Yes",13,"high","high",1,21,5,"medium","low-Medium (6-10 Years)",9,9,5,"NA",0
"38",908,"29 to 39","No","Travel_Rarely","Very High (1151-1500)","Research & Development","3-5 miles",2,"Medical",460,"very high","Male","High (61-80)","high",2,"Manufacturing Director","very high","Divorced",23177,7,"No",16,"high","high",2,8,2,"medium","low-Medium (6-10 Years)",2,0,4,"NA",0
"39",909,"18 to 28","Yes","Travel_Rarely","Very High (1151-1500)","Research & Development","3-5 miles",4,"Technical Degree",65,"high","Male","Medium (41-60)","high",1,"Laboratory Technician","high","Single",11179,1,"Yes",13,"high","high",0,2,3,"medium","Low(0-5 Years)",2,2,2,"NA",1
"40",910,"29 to 39","No","Travel_Rarely","High (801-1150)","Research & Development","<=2 miles",1,"Life Sciences",134,"very high","Male","High (61-80)","high",1,"Research Scientist","low","Single",15178,1,"No",13,"high","very high",0,1,2,"high","Low(0-5 Years)",0,0,0,"NA",0
"41",911,"40 to 50","No","Travel_Rarely","High (801-1150)","Research & Development","3-5 miles",3,"Life Sciences",1255,"high","Male","Very High (81-110)","low",5,"Research Director","very high","Married",18625,3,"No",14,"high","medium",1,25,2,"high","low-Medium (6-10 Years)",7,0,7,"NA",0
"42",912,"29 to 39","No","Travel_Frequently","Very High (1151-1500)","Human Resources","<=2 miles",4,"Other",1972,"very high","Male","Very High (81-110)","high",1,"Human Resources","medium","Married",5224,0,"Yes",11,"high","medium",1,7,2,"high","low-Medium (6-10 Years)",2,1,2,"NA",0
"43",913,"40 to 50","No","Travel_Rarely","Medium (451-800)","Research & Development","<=2 miles",2,"Life Sciences",1802,"high","Female","Very High (81-110)","high",1,"Laboratory Technician","low","Married",25605,4,"No",17,"high","very high",1,7,5,"medium","Low(0-5 Years)",3,0,2,"NA",0
"44",914,"29 to 39","No","Travel_Rarely","Very High (1151-1500)","Research & Development","3-5 miles",3,"Medical",153,"high","Female","Medium (41-60)","medium",3,"Manager","low","Single",5615,2,"No",12,"high","very high",0,14,6,"high","Medium (11-15 Years)",10,5,8,"NA",0
"45",915,"40 to 50","No","Travel_Rarely","Medium (451-800)","Research & Development","6-9 miles",2,"Medical",1025,"very high","Female","Medium (41-60)","high",2,"Manufacturing Director","high","Single",23371,6,"No",14,"high","medium",0,8,6,"high","Low(0-5 Years)",2,2,1,"NA",0
"46",916,"18 to 28","No","Travel_Rarely","Medium (451-800)","Research & Development",">=16",1,"Life Sciences",1533,"low","Male","Very High (81-110)","high",2,"Laboratory Technician","high","Single",24812,0,"No",14,"high","medium",0,5,2,"high","Low(0-5 Years)",3,1,2,"NA",0
"47",917,"18 to 28","No","Travel_Rarely","Very High (1151-1500)","Research & Development","<=2 miles",3,"Medical",1834,"high","Female","High (61-80)","high",1,"Research Scientist","low","Married",12719,1,"No",25,"very high","high",1,3,3,"high","Low(0-5 Years)",2,1,2,"NA",0
"48",918,"18 to 28","No","Travel_Rarely","Medium (451-800)","Sales","10-15 miles",3,"Medical",1836,"high","Male","Medium (41-60)","high",2,"Sales Executive","very high","Single",9125,1,"No",13,"high","low",0,5,4,"high","Low(0-5 Years)",3,1,2,"NA",0
"49",919,"18 to 28","No","Travel_Rarely","High (801-1150)","Sales","10-15 miles",1,"Medical",1056,"very high","Male","High (61-80)","high",1,"Sales Representative","medium","Married",23384,1,"No",22,"very high","medium",0,1,5,"high","Low(0-5 Years)",0,0,0,"NA",0
"50",920,"51 to 60","No","Travel_Rarely","Very High (1151-1500)","Research & Development","3-5 miles",3,"Medical",10,"high","Female","Very High (81-110)","very high",1,"Laboratory Technician","low","Married",9964,4,"Yes",20,"very high","low",3,12,3,"medium","Low(0-5 Years)",0,0,0,"NA",0
"51",921,"29 to 39","No","Travel_Rarely","Low(100-450)","Sales","6-9 miles",1,"Marketing",585,"very high","Male","Medium (41-60)","high",1,"Sales Representative","medium","Single",18398,0,"No",14,"high","low",0,4,3,"high","Low(0-5 Years)",2,1,2,"NA",0
"52",922,"29 to 39","No","Travel_Rarely","Very High (1151-1500)","Research & Development","6-9 miles",1,"Life Sciences",63,"very high","Male","Low(0-40)","very high",1,"Laboratory Technician","very high","Married",4892,1,"No",19,"high","very high",0,1,2,"high","Low(0-5 Years)",0,0,1,"NA",0
"53",923,"29 to 39","Yes","Travel_Rarely","Medium (451-800)","Research & Development","10-15 miles",3,"Other",1052,"low","Male","Very High (81-110)","high",2,"Laboratory Technician","high","Divorced",7858,7,"No",14,"high","medium",1,9,3,"medium","Low(0-5 Years)",0,0,0,"NA",1
"54",924,"40 to 50","No","Non-Travel","Low(100-450)","Human Resources","<=2 miles",5,"Medical",1231,"very high","Male","High (61-80)","very high",2,"Human Resources","low","Married",12858,7,"No",16,"high","low",1,10,3,"very high","Low(0-5 Years)",3,0,3,"NA",0
"55",925,"51 to 60","No","Travel_Rarely","Medium (451-800)","Research & Development",">=16",5,"Medical",1665,"medium","Female","Very High (81-110)","high",4,"Manager","high","Married",18685,3,"No",25,"very high","high",1,36,6,"high","low-Medium (6-10 Years)",8,4,7,"NA",0
"56",926,"40 to 50","No","Travel_Rarely","Very High (1151-1500)","Research & Development","10-15 miles",4,"Life Sciences",483,"very high","Female","Medium (41-60)","very high",1,"Laboratory Technician","high","Married",22495,3,"Yes",13,"high","high",1,10,3,"high","low-Medium (6-10 Years)",7,1,7,"NA",0
"57",927,"29 to 39","No","Travel_Rarely","Medium (451-800)","Sales","6-9 miles",3,"Medical",1304,"high","Male","Medium (41-60)","very high",2,"Sales Executive","very high","Married",11693,1,"No",15,"high","high",2,10,4,"very high","low-Medium (6-10 Years)",7,0,8,"NA",0
"58",928,"29 to 39","No","Travel_Rarely","Low(100-450)","Research & Development","10-15 miles",3,"Medical",2015,"medium","Female","Very High (81-110)","low",3,"Research Director","high","Married",3376,3,"No",12,"high","low",1,20,3,"high","Medium-High (16-20 Years)",16,1,11,"NA",0
"59",929,"18 to 28","No","Non-Travel","High (801-1150)","Research & Development",">=16",2,"Medical",22,"very high","Male","Very High (81-110)","very high",1,"Laboratory Technician","very high","Divorced",7324,1,"Yes",13,"high","medium",2,1,2,"medium","Low(0-5 Years)",0,0,0,"NA",0
"60",930,"29 to 39","No","Travel_Frequently","High (801-1150)","Research & Development","<=2 miles",2,"Life Sciences",8,"very high","Male","High (61-80)","high",1,"Laboratory Technician","very high","Single",11864,0,"No",13,"high","high",0,8,2,"medium","low-Medium (6-10 Years)",7,3,6,"NA",0
"61",931,"29 to 39","No","Non-Travel","Very High (1151-1500)","Sales","10-15 miles",3,"Life Sciences",1774,"very high","Male","Very High (81-110)","high",2,"Sales Executive","high","Divorced",12313,1,"Yes",14,"high","high",1,15,3,"high","Medium (11-15 Years)",14,0,7,"NA",0
"62",932,"29 to 39","No","Travel_Rarely","High (801-1150)","Research & Development","3-5 miles",2,"Life Sciences",727,"high","Female","Low(0-40)","high",3,"Research Director","very high","Single",19373,3,"No",15,"high","very high",0,10,6,"high","low-Medium (6-10 Years)",7,7,7,"NA",0
"63",933,"40 to 50","No","Travel_Rarely","Medium (451-800)","Sales","<=2 miles",3,"Marketing",534,"medium","Male","Medium (41-60)","very high",3,"Sales Executive","low","Married",19566,1,"No",16,"high","high",1,10,2,"high","low-Medium (6-10 Years)",7,0,7,"NA",0
"64",934,"51 to 60","Yes","Travel_Frequently","Medium (451-800)","Research & Development","<=2 miles",1,"Life Sciences",918,"very high","Male","Medium (41-60)","medium",1,"Laboratory Technician","very high","Divorced",13384,9,"Yes",14,"high","very high",1,3,3,"medium","Low(0-5 Years)",0,0,0,"NA",1
"65",935,"18 to 28","Yes","Travel_Rarely","Low(100-450)","Research & Development","3-5 miles",3,"Technical Degree",960,"low","Male","Very High (81-110)","high",1,"Laboratory Technician","low","Single",13008,1,"No",19,"high","medium",0,1,2,"high","Low(0-5 Years)",0,0,0,"NA",1
"66",936,"18 to 28","Yes","Travel_Frequently","Low(100-450)","Research & Development","6-9 miles",3,"Medical",1494,"medium","Male","Very High (81-110)","high",1,"Laboratory Technician","low","Single",16998,2,"Yes",11,"high","high",0,4,2,"medium","Low(0-5 Years)",0,0,0,"NA",1
"67",937,"40 to 50","No","Travel_Rarely","Medium (451-800)","Research & Development","<=2 miles",4,"Medical",288,"very high","Male","Very High (81-110)","high",3,"Healthcare Representative","low","Divorced",12368,7,"No",16,"high","high",1,17,3,"high","Low(0-5 Years)",2,0,3,"NA",0
"68",938,"51 to 60","Yes","Travel_Frequently","High (801-1150)","Research & Development","6-9 miles",4,"Life Sciences",179,"low","Male","Medium (41-60)","low",3,"Manufacturing Director","very high","Single",25150,2,"No",15,"high","very high",0,18,2,"high","Low(0-5 Years)",2,0,3,"NA",1
"69",939,"29 to 39","No","Travel_Rarely","Low(100-450)","Research & Development",">=16",1,"Life Sciences",2014,"low","Male","Medium (41-60)","high",2,"Research Scientist","very high","Single",5340,7,"No",13,"high","low",0,18,2,"high","low-Medium (6-10 Years)",7,1,7,"NA",0
"70",940,"18 to 28","No","Travel_Rarely","Very High (1151-1500)","Sales","3-5 miles",3,"Medical",1875,"medium","Female","High (61-80)","high",1,"Sales Representative","medium","Married",3692,1,"No",19,"high","very high",1,1,3,"high","Low(0-5 Years)",0,0,0,"NA",0
"71",941,"40 to 50","Yes","Travel_Rarely","Medium (451-800)","Research & Development","6-9 miles",4,"Life Sciences",1534,"very high","Male","Very High (81-110)","high",1,"Laboratory Technician","low","Single",21831,3,"No",14,"high","medium",0,15,3,"low","Low(0-5 Years)",4,1,0,"NA",1
"72",942,"29 to 39","No","Travel_Rarely","Very High (1151-1500)","Sales","6-9 miles",3,"Medical",1588,"very high","Male","Low(0-40)","very high",3,"Sales Executive","high","Married",4658,2,"No",11,"high","low",1,11,3,"high","low-Medium (6-10 Years)",6,7,6,"NA",0
"73",943,"51 to 60","No","Travel_Rarely","Very High (1151-1500)","Sales",">=16",3,"Life Sciences",81,"low","Female","Very High (81-110)","high",3,"Sales Executive","low","Single",2354,7,"No",11,"high","very high",0,28,3,"medium","High (21-25 Years)",16,7,9,"NA",0
"74",944,"18 to 28","No","Travel_Rarely","High (801-1150)","Research & Development","<=2 miles",4,"Life Sciences",1027,"low","Female","Medium (41-60)","high",2,"Manufacturing Director","very high","Married",4658,0,"No",18,"high","medium",1,4,2,"high","Low(0-5 Years)",2,2,2,"NA",0
"75",945,"18 to 28","No","Travel_Rarely","High (801-1150)","Sales","10-15 miles",3,"Medical",411,"very high","Female","High (61-80)","medium",1,"Sales Representative","high","Single",9724,1,"No",12,"high","low",0,0,2,"high","Low(0-5 Years)",0,0,0,"NA",0
"76",946,"29 to 39","No","Travel_Frequently","High (801-1150)","Research & Development","<=2 miles",1,"Life Sciences",1590,"low","Male","Very High (81-110)","high",2,"Healthcare Representative","very high","Divorced",24483,1,"No",19,"high","very high",1,6,0,"very high","low-Medium (6-10 Years)",4,1,3,"NA",0
"77",947,"18 to 28","Yes","Travel_Rarely","Low(100-450)","Sales","6-9 miles",1,"Marketing",1780,"medium","Male","Low(0-40)","high",1,"Sales Representative","medium","Single",4567,1,"No",13,"high","medium",0,1,3,"high","Low(0-5 Years)",0,1,0,"NA",1
"78",948,"18 to 28","No","Travel_Rarely","Very High (1151-1500)","Research & Development",">=16",3,"Life Sciences",560,"low","Female","Very High (81-110)","high",1,"Research Scientist","very high","Divorced",3032,1,"No",22,"very high","medium",2,3,3,"low","Low(0-5 Years)",2,0,2,"NA",0
"79",949,"18 to 28","Yes","Travel_Frequently","Low(100-450)","Human Resources",">=16",4,"Life Sciences",608,"medium","Female","Medium (41-60)","high",1,"Human Resources","high","Divorced",22808,0,"Yes",11,"high","medium",1,8,2,"medium","low-Medium (6-10 Years)",7,1,0,"NA",1
"80",950,"40 to 50","Yes","Travel_Frequently","Medium (451-800)","Sales",">=16",2,"Life Sciences",785,"medium","Female","High (61-80)","very high",2,"Sales Executive","high","Single",10339,4,"Yes",12,"high","very high",0,8,2,"high","Low(0-5 Years)",4,1,3,"NA",1
"81",951,"40 to 50","No","Non-Travel","Low(100-450)","Research & Development","10-15 miles",4,"Technical Degree",1854,"high","Male","Low(0-40)","high",1,"Research Scientist","high","Married",6161,3,"No",22,"very high","medium",2,10,1,"medium","low-Medium (6-10 Years)",3,3,3,"NA",0
"82",952,"40 to 50","No","Travel_Rarely","Low(100-450)","Sales",">=16",3,"Marketing",1066,"high","Male","High (61-80)","high",2,"Sales Executive","low","Married",22217,1,"No",14,"high","medium",1,8,3,"medium","low-Medium (6-10 Years)",7,7,5,"NA",0
"83",953,"29 to 39","No","Travel_Rarely","Low(100-450)","Research & Development","3-5 miles",3,"Other",1062,"very high","Female","Low(0-40)","high",2,"Healthcare Representative","medium","Single",13848,3,"No",15,"high","low",0,8,3,"medium","Low(0-5 Years)",3,0,1,"NA",0
"84",954,"18 to 28","No","Travel_Frequently","Very High (1151-1500)","Research & Development","3-5 miles",2,"Life Sciences",1850,"very high","Female","Medium (41-60)","high",1,"Laboratory Technician","very high","Single",19826,0,"Yes",14,"high","high",0,6,3,"medium","Low(0-5 Years)",4,0,2,"NA",0
"85",955,"29 to 39","No","Non-Travel","Low(100-450)","Research & Development","6-9 miles",3,"Life Sciences",1132,"high","Male","High (61-80)","high",2,"Laboratory Technician","medium","Single",8770,9,"No",15,"high","high",0,9,2,"medium","Low(0-5 Years)",4,0,3,"NA",0
"86",956,"40 to 50","No","Travel_Rarely","Low(100-450)","Human Resources","3-5 miles",3,"Life Sciences",1744,"high","Female","Medium (41-60)","low",3,"Human Resources","high","Married",6595,4,"No",21,"very high","high",2,9,2,"very high","Low(0-5 Years)",0,0,3,"NA",0
"87",957,"51 to 60","No","Travel_Rarely","Very High (1151-1500)","Research & Development","6-9 miles",3,"Life Sciences",112,"very high","Male","Medium (41-60)","low",3,"Manufacturing Director","very high","Single",21698,4,"No",11,"high","low",0,37,3,"medium","low-Medium (6-10 Years)",4,0,2,"NA",0
"88",958,"29 to 39","No","Non-Travel","High (801-1150)","Research & Development",">=16",4,"Medical",1046,"very high","Female","High (61-80)","high",1,"Laboratory Technician","high","Single",11135,9,"No",12,"high","medium",0,10,2,"high","low-Medium (6-10 Years)",7,7,7,"NA",0
"89",959,"40 to 50","No","Travel_Rarely","Very High (1151-1500)","Sales",">=16",2,"Life Sciences",1678,"very high","Male","High (61-80)","high",3,"Sales Executive","high","Single",11591,3,"Yes",16,"high","very high",0,21,2,"high","Low(0-5 Years)",0,0,2,"NA",0
"90",960,"51 to 60","Yes","Travel_Rarely","Low(100-450)","Research & Development","<=2 miles",4,"Life Sciences",825,"very high","Male","Low(0-40)","high",5,"Research Director","medium","Single",25761,7,"Yes",12,"high","very high",0,40,2,"high",">30 Years",15,13,8,"NA",1
"91",961,"29 to 39","No","Travel_Rarely","Medium (451-800)","Research & Development","10-15 miles",3,"Life Sciences",346,"high","Male","Medium (41-60)","high",1,"Research Scientist","very high","Single",22673,1,"No",19,"high","low",0,6,1,"high","low-Medium (6-10 Years)",5,1,5,"NA",0
"92",962,"40 to 50","No","Travel_Rarely","Very High (1151-1500)","Research & Development",">=16",2,"Technical Degree",335,"low","Male","High (61-80)","high",2,"Research Scientist","very high","Divorced",24447,1,"No",17,"high","low",2,9,3,"high","low-Medium (6-10 Years)",8,4,7,"NA",0
"93",963,"29 to 39","No","Travel_Frequently","Medium (451-800)","Research & Development","10-15 miles",3,"Life Sciences",837,"low","Male","Medium (41-60)","medium",2,"Healthcare Representative","low","Divorced",4284,2,"No",15,"high","high",1,13,3,"medium","Low(0-5 Years)",3,1,2,"NA",0
"94",964,"29 to 39","No","Travel_Rarely","Low(100-450)","Human Resources","3-5 miles",3,"Human Resources",760,"high","Female","Medium (41-60)","very high",2,"Human Resources","medium","Married",18767,9,"No",15,"high","high",1,12,3,"low","low-Medium (6-10 Years)",3,3,6,"NA",0
"95",965,"18 to 28","No","Travel_Rarely","Very High (1151-1500)","Research & Development","6-9 miles",1,"Medical",143,"very high","Male","High (61-80)","medium",1,"Research Scientist","very high","Married",26897,1,"No",11,"high","high",2,2,2,"high","Low(0-5 Years)",2,2,1,"NA",0
"96",966,"40 to 50","No","Travel_Rarely","High (801-1150)","Research & Development","6-9 miles",2,"Medical",80,"medium","Female","Medium (41-60)","medium",5,"Research Director","high","Divorced",16701,5,"Yes",12,"high","very high",1,29,2,"medium","Very High (26-30 Years)",3,13,8,"NA",0
"97",967,"29 to 39","No","Travel_Rarely","Medium (451-800)","Research & Development",">=16",4,"Medical",2054,"very high","Female","High (61-80)","medium",1,"Research Scientist","low","Single",8489,1,"No",14,"high","medium",0,5,3,"low","Low(0-5 Years)",4,0,4,"NA",0
"98",968,"29 to 39","No","Travel_Rarely","Low(100-450)","Sales","<=2 miles",2,"Medical",513,"medium","Male","High (61-80)","medium",3,"Sales Executive","high","Married",3809,1,"No",13,"high","medium",2,10,2,"high","low-Medium (6-10 Years)",9,9,0,"NA",0
"99",969,"40 to 50","No","Travel_Frequently","Very High (1151-1500)","Research & Development","<=2 miles",3,"Medical",1215,"very high","Female","Low(0-40)","high",4,"Manager","low","Married",9490,2,"No",22,"very high","high",1,32,3,"high","Low(0-5 Years)",2,2,2,"NA",0
"100",970,"18 to 28","Yes","Travel_Rarely","Very High (1151-1500)","Research & Development",">=16",4,"Medical",394,"low","Male","Medium (41-60)","high",1,"Laboratory Technician","medium","Divorced",14180,2,"Yes",13,"high","very high",1,5,2,"high","Low(0-5 Years)",2,0,2,"NA",1
"101",971,"18 to 28","No","Travel_Rarely","High (801-1150)","Sales","6-9 miles",3,"Marketing",1965,"very high","Male","Medium (41-60)","high",2,"Sales Executive","very high","Single",5099,1,"No",14,"high","low",0,7,5,"high","low-Medium (6-10 Years)",7,0,7,"NA",0
"102",972,"29 to 39","No","Travel_Rarely","Medium (451-800)","Research & Development","10-15 miles",3,"Medical",961,"very high","Female","Medium (41-60)","high",2,"Healthcare Representative","very high","Married",17369,0,"Yes",11,"high","high",2,10,2,"low","low-Medium (6-10 Years)",7,8,5,"NA",0
"103",973,"18 to 28","No","Travel_Frequently","Medium (451-800)","Research & Development","<=2 miles",4,"Medical",1286,"very high","Male","Medium (41-60)","high",1,"Laboratory Technician","high","Single",6842,0,"Yes",11,"high","high",0,5,2,"medium","Low(0-5 Years)",2,0,2,"NA",0
"104",974,"18 to 28","No","Travel_Rarely","High (801-1150)","Research & Development","<=2 miles",3,"Life Sciences",657,"very high","Female","Very High (81-110)","medium",1,"Research Scientist","medium","Single",11757,1,"No",13,"high","very high",0,1,0,"very high","Low(0-5 Years)",0,0,0,"NA",0
"105",975,"18 to 28","No","Travel_Rarely","Very High (1151-1500)","Research & Development",">=16",1,"Medical",1009,"very high","Female","Medium (41-60)","medium",2,"Manufacturing Director","high","Divorced",24117,1,"No",15,"high","medium",2,5,6,"high","Low(0-5 Years)",2,3,2,"NA",0
"106",976,"29 to 39","Yes","Travel_Rarely","High (801-1150)","Research & Development",">=16",1,"Medical",315,"high","Male","Very High (81-110)","medium",1,"Research Scientist","very high","Single",14961,1,"Yes",13,"high","high",0,4,3,"medium","Low(0-5 Years)",3,0,1,"NA",1
"107",977,"40 to 50","No","Travel_Rarely","Low(100-450)","Research & Development","6-9 miles",3,"Life Sciences",1022,"low","Male","Very High (81-110)","medium",2,"Healthcare Representative","high","Single",13119,2,"No",13,"high","very high",0,19,0,"high","Low(0-5 Years)",2,2,2,"NA",0
"108",978,"29 to 39","Yes","Travel_Rarely","Low(100-450)","Research & Development",">=16",3,"Medical",1310,"high","Male","Very High (81-110)","high",1,"Research Scientist","low","Single",22154,0,"No",13,"high","low",0,6,2,"high","Low(0-5 Years)",2,0,3,"NA",1
"109",979,"29 to 39","No","Travel_Rarely","Medium (451-800)","Research & Development","6-9 miles",3,"Life Sciences",880,"very high","Female","High (61-80)","medium",3,"Manufacturing Director","high","Married",23457,1,"Yes",20,"very high","medium",1,17,2,"high","Medium-High (16-20 Years)",14,5,15,"NA",0
"110",980,"40 to 50","No","Travel_Rarely","High (801-1150)","Research & Development","3-5 miles",2,"Medical",1256,"low","Male","Very High (81-110)","medium",5,"Manager","high","Married",12124,2,"No",13,"high","high",1,23,2,"very high","Low(0-5 Years)",0,0,0,"NA",0
"111",981,"29 to 39","No","Travel_Rarely","Very High (1151-1500)","Sales",">=16",4,"Life Sciences",1554,"medium","Female","Very High (81-110)","medium",1,"Sales Representative","high","Married",26204,0,"No",23,"very high","low",2,6,5,"high","Low(0-5 Years)",3,4,2,"NA",0
"112",982,"40 to 50","No","Travel_Rarely","High (801-1150)","Sales","10-15 miles",3,"Marketing",580,"high","Female","Very High (81-110)","medium",3,"Sales Executive","very high","Married",11563,2,"Yes",19,"high","high",1,15,3,"high","Low(0-5 Years)",2,1,2,"NA",0
"113",983,"51 to 60","No","Travel_Rarely","Very High (1151-1500)","Research & Development","<=2 miles",3,"Life Sciences",316,"high","Female","Very High (81-110)","medium",1,"Laboratory Technician","very high","Single",3300,7,"No",15,"high","medium",0,6,3,"medium","Low(0-5 Years)",2,2,2,"NA",0
"114",984,"18 to 28","No","Travel_Rarely","Very High (1151-1500)","Sales","3-5 miles",3,"Other",2060,"very high","Female","Low(0-40)","medium",1,"Sales Representative","high","Single",21378,0,"No",18,"high","very high",0,5,2,"high","Low(0-5 Years)",2,0,0,"NA",0
"115",985,"29 to 39","No","Travel_Rarely","High (801-1150)","Sales","10-15 miles",4,"Marketing",2045,"medium","Female","Very High (81-110)","medium",2,"Sales Executive","very high","Married",14369,4,"No",13,"high","low",1,8,2,"medium","low-Medium (6-10 Years)",3,0,0,"NA",0
"116",986,"29 to 39","Yes","Travel_Frequently","Low(100-450)","Research & Development","3-5 miles",2,"Life Sciences",1939,"low","Female","Medium (41-60)","very high",1,"Research Scientist","high","Single",15318,3,"Yes",14,"high","low",0,8,2,"high","Low(0-5 Years)",1,0,3,"NA",1
"117",987,"18 to 28","Yes","Travel_Frequently","Very High (1151-1500)","Research & Development","3-5 miles",4,"Life Sciences",1203,"high","Male","Medium (41-60)","medium",1,"Research Scientist","very high","Married",4223,0,"Yes",11,"high","medium",1,1,5,"high","Low(0-5 Years)",0,0,0,"NA",1
"118",988,"29 to 39","No","Travel_Rarely","Medium (451-800)","Sales","6-9 miles",5,"Marketing",1446,"very high","Male","Very High (81-110)","high",2,"Sales Executive","very high","Married",23343,4,"No",12,"high","high",1,7,3,"medium","Low(0-5 Years)",3,0,3,"NA",0
"119",989,"29 to 39","No","Travel_Frequently","High (801-1150)","Research & Development",">=16",3,"Medical",1043,"very high","Female","Very High (81-110)","high",3,"Manufacturing Director","low","Single",5083,1,"Yes",13,"high","high",0,21,2,"high","High (21-25 Years)",6,2,8,"NA",0
"120",990,"29 to 39","No","Travel_Rarely","Low(100-450)","Research & Development","6-9 miles",4,"Life Sciences",493,"high","Male","Medium (41-60)","medium",1,"Research Scientist","medium","Single",7551,0,"Yes",16,"high","very high",0,3,5,"high","Low(0-5 Years)",2,2,2,"NA",0
"121",991,"29 to 39","No","Travel_Rarely","Very High (1151-1500)","Human Resources","<=2 miles",3,"Life Sciences",909,"very high","Female","Medium (41-60)","medium",2,"Human Resources","very high","Married",7790,8,"No",11,"high","high",2,13,2,"high","Low(0-5 Years)",4,0,4,"NA",0
"122",992,"18 to 28","No","Travel_Rarely","Medium (451-800)","Research & Development","6-9 miles",3,"Medical",1707,"high","Male","High (61-80)","very high",1,"Research Scientist","high","Married",17616,1,"No",16,"high","very high",1,5,1,"high","Low(0-5 Years)",3,0,4,"NA",0
"123",993,"29 to 39","No","Travel_Rarely","Very High (1151-1500)","Human Resources","6-9 miles",3,"Human Resources",184,"high","Male","Medium (41-60)","high",2,"Human Resources","very high","Married",13982,0,"Yes",19,"high","very high",0,12,2,"low","Medium (11-15 Years)",9,4,7,"NA",0
"124",994,"40 to 50","No","Travel_Frequently","Very High (1151-1500)","Sales","<=2 miles",4,"Medical",1212,"medium","Male","High (61-80)","high",2,"Sales Executive","medium","Married",25440,5,"No",12,"high","very high",3,5,2,"high","Low(0-5 Years)",0,0,0,"NA",0
"125",995,"29 to 39","No","Non-Travel","Low(100-450)","Sales","10-15 miles",3,"Technical Degree",983,"high","Female","Very High (81-110)","high",2,"Sales Executive","very high","Single",19899,1,"Yes",13,"high","medium",0,6,1,"high","Low(0-5 Years)",3,1,3,"NA",0
"126",996,"29 to 39","No","Travel_Rarely","Medium (451-800)","Research & Development","6-9 miles",4,"Other",138,"low","Female","Medium (41-60)","high",2,"Research Scientist","high","Single",12482,1,"No",14,"high","high",0,16,3,"high","Medium-High (16-20 Years)",13,2,10,"NA",0
"127",997,"29 to 39","No","Travel_Frequently","Very High (1151-1500)","Research & Development","10-15 miles",1,"Medical",1006,"high","Male","High (61-80)","high",1,"Research Scientist","high","Married",12127,0,"No",17,"high","medium",1,3,0,"medium","Low(0-5 Years)",1,0,2,"NA",0
"128",998,"51 to 60","No","Travel_Rarely","High (801-1150)","Research & Development","<=2 miles",3,"Medical",1422,"very high","Female","Medium (41-60)","high",4,"Research Director","very high","Single",5652,6,"No",19,"high","very high",0,29,3,"medium","Medium-High (16-20 Years)",7,12,7,"NA",0
"129",999,"29 to 39","No","Travel_Rarely","High (801-1150)","Sales","3-5 miles",4,"Life Sciences",984,"very high","Male","Very High (81-110)","high",3,"Sales Executive","very high","Divorced",6812,6,"No",13,"high","medium",1,12,2,"high","low-Medium (6-10 Years)",9,0,8,"NA",0
"130",1000,"29 to 39","Yes","Travel_Rarely","Low(100-450)","Research & Development",">=16",4,"Life Sciences",911,"low","Male","Very High (81-110)","high",1,"Laboratory Technician","very high","Single",18016,1,"Yes",24,"very high","high",0,1,2,"low","Low(0-5 Years)",0,0,1,"NA",1
"131",1001,"40 to 50","No","Travel_Rarely","High (801-1150)","Human Resources","3-5 miles",2,"Medical",103,"medium","Male","High (61-80)","high",2,"Human Resources","medium","Divorced",10425,8,"Yes",22,"very high","very high",1,16,2,"high","Low(0-5 Years)",2,0,2,"NA",0
"132",1002,"40 to 50","No","Travel_Frequently","Very High (1151-1500)","Sales","3-5 miles",1,"Medical",467,"medium","Male","Very High (81-110)","high",2,"Sales Representative","high","Single",25751,3,"No",19,"high","low",0,5,3,"high","Low(0-5 Years)",0,0,0,"NA",0
"133",1003,"29 to 39","No","Travel_Rarely","High (801-1150)","Research & Development","<=2 miles",3,"Medical",1671,"very high","Male","Medium (41-60)","high",2,"Research Scientist","medium","Divorced",25518,0,"No",13,"high","high",2,10,4,"medium","low-Medium (6-10 Years)",5,1,6,"NA",0
"134",1004,"40 to 50","No","Travel_Rarely","High (801-1150)","Research & Development","<=2 miles",2,"Medical",574,"low","Female","High (61-80)","high",2,"Manufacturing Director","very high","Divorced",7389,5,"No",13,"high","high",3,20,2,"high","Low(0-5 Years)",0,0,4,"NA",0
"135",1005,"40 to 50","No","Travel_Rarely","High (801-1150)","Research & Development","10-15 miles",4,"Other",1576,"high","Female","High (61-80)","high",1,"Research Scientist","low","Married",16530,8,"No",12,"high","very high",1,10,3,"medium","low-Medium (6-10 Years)",2,7,6,"NA",0
"136",1006,"29 to 39","No","Travel_Rarely","Medium (451-800)","Sales","3-5 miles",1,"Medical",1915,"very high","Female","High (61-80)","medium",2,"Sales Executive","very high","Married",16495,3,"Yes",12,"high","high",0,9,3,"medium","Low(0-5 Years)",2,0,1,"NA",0
"137",1007,"18 to 28","No","Travel_Rarely","High (801-1150)","Sales","<=2 miles",3,"Medical",1657,"high","Female","Low(0-40)","high",1,"Sales Representative","high","Single",13251,1,"No",19,"high","low",0,2,3,"high","Low(0-5 Years)",2,2,2,"NA",0
"138",1008,"29 to 39","No","Travel_Rarely","Medium (451-800)","Research & Development",">=16",4,"Life Sciences",393,"very high","Male","Very High (81-110)","high",2,"Healthcare Representative","very high","Divorced",18899,9,"No",14,"high","medium",1,10,2,"high","Low(0-5 Years)",2,1,2,"NA",0
"139",1009,"51 to 60","No","Travel_Rarely","Very High (1151-1500)","Research & Development","6-9 miles",2,"Medical",1201,"very high","Female","Medium (41-60)","high",5,"Manager","high","Divorced",18640,3,"No",18,"high","medium",1,26,6,"high","low-Medium (6-10 Years)",7,4,7,"NA",0
"140",1010,"51 to 60","No","Travel_Rarely","Very High (1151-1500)","Sales","6-9 miles",2,"Marketing",205,"medium","Male","Low(0-40)","high",2,"Sales Representative","high","Married",16047,2,"Yes",20,"very high","very high",1,13,3,"low","low-Medium (6-10 Years)",7,4,5,"NA",0
"141",1011,"29 to 39","Yes","Travel_Frequently","Medium (451-800)","Research & Development","10-15 miles",3,"Medical",342,"low","Male","High (61-80)","high",3,"Manufacturing Director","high","Divorced",22573,6,"No",11,"high","medium",2,17,5,"high","Low(0-5 Years)",0,0,0,"NA",1
"142",1012,"29 to 39","No","Travel_Rarely","High (801-1150)","Research & Development","6-9 miles",4,"Life Sciences",151,"high","Female","Medium (41-60)","medium",2,"Research Scientist","medium","Divorced",15000,6,"No",15,"high","high",1,12,3,"high","Low(0-5 Years)",0,0,0,"NA",0
"143",1013,"29 to 39","No","Travel_Rarely","Medium (451-800)","Sales","6-9 miles",2,"Technical Degree",436,"high","Female","High (61-80)","medium",2,"Sales Executive","medium","Married",24624,1,"Yes",11,"high","very high",0,13,2,"high","Medium (11-15 Years)",12,11,9,"NA",0
"144",1014,"29 to 39","Yes","Travel_Frequently","Low(100-450)","Research & Development","6-9 miles",4,"Life Sciences",1807,"very high","Male","Very High (81-110)","high",2,"Laboratory Technician","low","Married",6208,4,"No",17,"high","high",1,11,3,"medium","low-Medium (6-10 Years)",1,0,7,"NA",1
"145",1015,"29 to 39","Yes","Travel_Frequently","Low(100-450)","Sales",">=16",4,"Marketing",299,"high","Female","Medium (41-60)","medium",2,"Sales Executive","low","Single",22967,5,"No",15,"high","high",0,9,5,"medium","low-Medium (6-10 Years)",3,0,1,"NA",1
"146",1016,"40 to 50","No","Travel_Rarely","High (801-1150)","Research & Development",">=16",3,"Technical Degree",1599,"very high","Male","Very High (81-110)","very high",1,"Laboratory Technician","medium","Divorced",5855,5,"No",12,"high","high",1,8,0,"high","low-Medium (6-10 Years)",4,0,2,"NA",0
"147",1017,"40 to 50","No","Travel_Rarely","Low(100-450)","Research & Development","<=2 miles",3,"Medical",351,"very high","Female","Medium (41-60)","medium",1,"Laboratory Technician","low","Divorced",8007,0,"Yes",11,"high","high",1,10,4,"high","low-Medium (6-10 Years)",6,7,8,"NA",0
"148",1018,"29 to 39","No","Travel_Rarely","Medium (451-800)","Sales","<=2 miles",5,"Marketing",204,"high","Male","Very High (81-110)","high",3,"Sales Executive","medium","Married",11439,1,"No",13,"high","low",2,10,3,"high","low-Medium (6-10 Years)",8,0,6,"NA",0
"149",1019,"29 to 39","No","Travel_Rarely","Very High (1151-1500)","Sales","3-5 miles",3,"Life Sciences",228,"medium","Female","Medium (41-60)","high",3,"Sales Executive","very high","Married",8053,2,"No",12,"high","high",1,12,2,"high","low-Medium (6-10 Years)",9,7,4,"NA",0
"150",1020,"18 to 28","No","Non-Travel","Low(100-450)","Research & Development","3-5 miles",2,"Life Sciences",1012,"medium","Male","High (61-80)","high",1,"Research Scientist","very high","Single",13493,1,"No",15,"high","very high",0,0,2,"high","Low(0-5 Years)",0,0,0,"NA",0
"151",1021,"40 to 50","No","Travel_Rarely","Medium (451-800)","Sales","<=2 miles",3,"Other",606,"very high","Male","High (61-80)","high",2,"Sales Executive","medium","Married",16177,0,"No",19,"high","medium",1,9,3,"very high","low-Medium (6-10 Years)",7,3,7,"NA",0
"152",1022,"29 to 39","No","Non-Travel","High (801-1150)","Sales","<=2 miles",5,"Medical",479,"very high","Female","Medium (41-60)","high",2,"Sales Executive","very high","Single",15276,4,"No",15,"high","medium",0,7,6,"high","Low(0-5 Years)",0,0,0,"NA",0
"153",1023,"29 to 39","No","Travel_Rarely","High (801-1150)","Research & Development",">=16",4,"Other",1871,"very high","Male","Medium (41-60)","high",2,"Research Scientist","very high","Divorced",5141,8,"No",14,"high","medium",3,7,2,"high","Low(0-5 Years)",2,2,2,"NA",0
"154",1024,"40 to 50","No","Non-Travel","Very High (1151-1500)","Research & Development","<=2 miles",1,"Life Sciences",1712,"high","Male","High (61-80)","medium",3,"Healthcare Representative","high","Married",3395,3,"No",23,"very high","very high",1,25,3,"medium","High (21-25 Years)",15,14,4,"NA",0
"155",1025,"40 to 50","No","Travel_Frequently","High (801-1150)","Research & Development","10-15 miles",3,"Life Sciences",199,"very high","Male","Very High (81-110)","medium",4,"Manager","low","Divorced",12888,4,"No",13,"high","medium",1,21,2,"medium","low-Medium (6-10 Years)",6,7,7,"NA",0
"156",1026,"29 to 39","No","Non-Travel","Low(100-450)","Research & Development","6-9 miles",3,"Life Sciences",2022,"very high","Male","Very High (81-110)","high",5,"Manager","very high","Single",15302,2,"No",13,"high","high",0,21,3,"medium","low-Medium (6-10 Years)",0,1,3,"NA",0
"157",1027,"29 to 39","No","Travel_Rarely","Low(100-450)","Human Resources","<=2 miles",3,"Human Resources",424,"low","Male","High (61-80)","medium",2,"Human Resources","low","Married",17822,3,"No",12,"high","very high",0,9,1,"high","Low(0-5 Years)",2,1,0,"NA",0
"158",1028,"18 to 28","No","Travel_Rarely","High (801-1150)","Sales","3-5 miles",2,"Life Sciences",527,"medium","Female","Very High (81-110)","medium",2,"Sales Executive","very high","Single",12090,1,"Yes",11,"high","medium",0,5,3,"high","Low(0-5 Years)",4,1,3,"NA",0
"159",1029,"18 to 28","Yes","Travel_Rarely","Medium (451-800)","Sales","3-5 miles",2,"Life Sciences",720,"low","Female","High (61-80)","high",2,"Sales Executive","high","Single",24785,9,"No",14,"high","low",0,4,3,"high","Low(0-5 Years)",2,2,0,"NA",1
"160",1030,"40 to 50","Yes","Travel_Rarely","Very High (1151-1500)","Human Resources","<=2 miles",2,"Medical",1098,"medium","Male","Very High (81-110)","medium",3,"Human Resources","low","Married",2326,9,"No",14,"high","very high",1,24,1,"high","Medium-High (16-20 Years)",6,3,6,"NA",1
"161",1031,"29 to 39","No","Travel_Rarely","Medium (451-800)","Sales","<=2 miles",1,"Marketing",1396,"high","Male","Low(0-40)","high",2,"Sales Executive","medium","Married",20497,0,"Yes",13,"high","low",3,4,3,"medium","Low(0-5 Years)",2,1,2,"NA",0
"162",1032,"40 to 50","No","Travel_Rarely","Low(100-450)","Human Resources","<=2 miles",3,"Life Sciences",1778,"medium","Male","Very High (81-110)","high",1,"Human Resources","very high","Single",5033,0,"No",13,"high","medium",0,10,5,"high","low-Medium (6-10 Years)",7,1,8,"NA",0
"163",1033,"18 to 28","No","Travel_Rarely","Low(100-450)","Research & Development","3-5 miles",1,"Technical Degree",844,"high","Male","Medium (41-60)","medium",3,"Research Director","very high","Divorced",8842,1,"Yes",16,"high","medium",1,9,3,"high","low-Medium (6-10 Years)",8,0,8,"NA",0
"164",1034,"18 to 28","No","Travel_Rarely","Medium (451-800)","Research & Development","<=2 miles",2,"Life Sciences",1893,"medium","Female","Very High (81-110)","medium",1,"Research Scientist","high","Married",14908,1,"Yes",13,"high","high",1,1,3,"medium","Low(0-5 Years)",0,1,0,"NA",0
"165",1035,"40 to 50","No","Non-Travel","Medium (451-800)","Research & Development","6-9 miles",4,"Other",1449,"high","Male","Very High (81-110)","high",2,"Laboratory Technician","high","Divorced",23099,3,"No",11,"high","high",2,11,2,"very high","low-Medium (6-10 Years)",7,0,7,"NA",0
"166",1036,"18 to 28","Yes","Travel_Rarely","Very High (1151-1500)","Research & Development","10-15 miles",1,"Medical",701,"very high","Male","Low(0-40)","high",1,"Research Scientist","high","Single",26999,1,"Yes",11,"high","very high",0,1,5,"high","Low(0-5 Years)",0,1,1,"NA",1
"167",1037,"18 to 28","No","Travel_Rarely","High (801-1150)","Sales",">=16",1,"Medical",781,"high","Female","Low(0-40)","high",2,"Sales Executive","very high","Single",22807,1,"No",23,"very high","medium",0,6,5,"medium","low-Medium (6-10 Years)",5,1,4,"NA",0
"168",1038,"51 to 60","No","Travel_Rarely","Low(100-450)","Human Resources",">=16",4,"Medical",698,"high","Male","Very High (81-110)","high",3,"Human Resources","medium","Married",6729,2,"No",15,"high","high",1,16,1,"very high","low-Medium (6-10 Years)",7,7,1,"NA",0
"169",1039,"29 to 39","No","Travel_Rarely","Very High (1151-1500)","Research & Development","10-15 miles",1,"Medical",1800,"high","Male","High (61-80)","high",3,"Research Director","high","Single",7914,7,"No",21,"very high","high",0,9,3,"high","Low(0-5 Years)",3,2,2,"NA",0
"170",1040,"29 to 39","No","Travel_Rarely","Medium (451-800)","Research & Development",">=16",3,"Medical",793,"medium","Female","High (61-80)","high",2,"Healthcare Representative","high","Married",25549,4,"No",12,"high","low",1,11,3,"medium","low-Medium (6-10 Years)",7,1,1,"NA",0
"171",1041,"29 to 39","Yes","Travel_Frequently","Low(100-450)","Research & Development",">=16",2,"Medical",355,"high","Male","High (61-80)","medium",1,"Laboratory Technician","medium","Single",11652,0,"No",11,"high","medium",0,6,2,"very high","Low(0-5 Years)",4,1,4,"NA",1
"172",1042,"29 to 39","No","Travel_Rarely","Very High (1151-1500)","Research & Development","<=2 miles",4,"Other",939,"high","Male","Very High (81-110)","medium",1,"Research Scientist","low","Single",3339,3,"Yes",11,"high","medium",0,6,1,"high","Low(0-5 Years)",2,0,2,"NA",0
"173",1043,"29 to 39","No","Travel_Rarely","Medium (451-800)","Sales","3-5 miles",3,"Medical",2024,"low","Female","Very High (81-110)","medium",3,"Sales Executive","very high","Married",12695,0,"No",19,"high","high",2,10,2,"high","low-Medium (6-10 Years)",7,3,4,"NA",0
"174",1044,"29 to 39","No","Travel_Rarely","High (801-1150)","Sales","<=2 miles",2,"Life Sciences",857,"medium","Male","Medium (41-60)","high",2,"Sales Executive","very high","Married",2823,1,"Yes",14,"high","very high",1,18,1,"medium","Medium-High (16-20 Years)",14,4,11,"NA",0
"175",1045,"18 to 28","No","Non-Travel","High (801-1150)","Research & Development",">=16",3,"Medical",1947,"high","Male","Medium (41-60)","high",1,"Research Scientist","high","Single",2122,1,"No",14,"high","high",0,5,3,"medium","Low(0-5 Years)",3,1,4,"NA",0
"176",1046,"18 to 28","Yes","Travel_Frequently","High (801-1150)","Research & Development","<=2 miles",3,"Medical",1111,"low","Male","Medium (41-60)","medium",1,"Laboratory Technician","medium","Divorced",7160,1,"No",15,"high","low",2,1,2,"high","Low(0-5 Years)",0,0,0,"NA",1
"177",1047,"29 to 39","Yes","Travel_Rarely","High (801-1150)","Research & Development","<=2 miles",3,"Medical",1573,"high","Male","Very High (81-110)","high",2,"Manufacturing Director","medium","Married",7653,4,"No",11,"high","low",2,7,2,"high","Low(0-5 Years)",2,1,4,"NA",1
"178",1048,"29 to 39","No","Travel_Frequently","Medium (451-800)","Research & Development","3-5 miles",4,"Life Sciences",428,"very high","Female","High (61-80)","high",3,"Manager","medium","Married",23364,6,"No",11,"high","medium",2,12,2,"high","low-Medium (6-10 Years)",6,8,8,"NA",0
"179",1049,"18 to 28","Yes","Travel_Rarely","Low(100-450)","Research & Development",">=16",4,"Life Sciences",1405,"very high","Female","Medium (41-60)","high",1,"Research Scientist","high","Single",25681,1,"Yes",13,"high","very high",0,8,2,"high","low-Medium (6-10 Years)",2,7,7,"NA",1
"180",1050,"29 to 39","Yes","Travel_Rarely","Medium (451-800)","Sales","10-15 miles",2,"Medical",1645,"low","Male","Medium (41-60)","low",2,"Sales Executive","very high","Divorced",22098,6,"Yes",14,"high","very high",2,7,2,"medium","Low(0-5 Years)",2,2,2,"NA",1
"181",1051,"51 to 60","Yes","Travel_Rarely","Medium (451-800)","Research & Development","<=2 miles",5,"Technical Degree",1572,"high","Female","High (61-80)","medium",3,"Manufacturing Director","very high","Married",14618,0,"No",16,"high","medium",1,34,4,"high",">30 Years",7,1,9,"NA",1
"182",1052,"29 to 39","No","Travel_Frequently","Medium (451-800)","Research & Development",">=16",1,"Medical",286,"medium","Female","High (61-80)","high",1,"Laboratory Technician","very high","Single",7703,1,"No",13,"high","low",0,8,2,"high","low-Medium (6-10 Years)",1,1,7,"NA",0
"183",1053,"40 to 50","No","Travel_Rarely","Very High (1151-1500)","Research & Development","6-9 miles",4,"Other",526,"high","Female","High (61-80)","high",2,"Healthcare Representative","high","Divorced",2227,4,"Yes",14,"high","very high",0,8,3,"high","Low(0-5 Years)",2,0,2,"NA",0
"184",1054,"18 to 28","No","Travel_Rarely","High (801-1150)","Research & Development","6-9 miles",3,"Medical",930,"high","Female","High (61-80)","high",1,"Research Scientist","high","Divorced",9834,5,"No",18,"high","medium",1,6,2,"high","Low(0-5 Years)",2,2,2,"NA",0
"185",1055,"18 to 28","No","Travel_Frequently","Medium (451-800)","Research & Development","<=2 miles",3,"Medical",1648,"very high","Male","Very High (81-110)","high",1,"Research Scientist","very high","Single",6297,2,"No",13,"high","high",0,6,0,"medium","Low(0-5 Years)",2,1,2,"NA",0
"186",1056,"18 to 28","Yes","Travel_Rarely","Medium (451-800)","Research & Development","3-5 miles",3,"Medical",538,"low","Male","Very High (81-110)","high",1,"Laboratory Technician","low","Married",9396,5,"No",13,"high","high",1,6,5,"high","Low(0-5 Years)",2,0,2,"NA",1
"187",1057,"18 to 28","No","Travel_Frequently","Medium (451-800)","Research & Development","<=2 miles",1,"Technical Degree",274,"high","Male","Medium (41-60)","medium",2,"Manufacturing Director","low","Married",9679,5,"No",19,"high","high",1,6,1,"high","Low(0-5 Years)",2,2,0,"NA",0
"188",1058,"40 to 50","No","Travel_Rarely","High (801-1150)","Sales",">=16",3,"Marketing",327,"very high","Female","High (61-80)","high",4,"Manager","very high","Married",7744,5,"Yes",22,"very high","high",1,22,3,"high","Medium-High (16-20 Years)",13,1,9,"NA",0
"189",1059,"29 to 39","No","Travel_Rarely","Very High (1151-1500)","Human Resources","6-9 miles",2,"Other",1794,"high","Male","Very High (81-110)","high",2,"Human Resources","medium","Divorced",12832,2,"No",13,"high","high",0,19,4,"medium","low-Medium (6-10 Years)",0,4,7,"NA",0
"190",1060,"18 to 28","No","Travel_Rarely","Very High (1151-1500)","Research & Development","<=2 miles",1,"Life Sciences",1136,"low","Male","High (61-80)","medium",1,"Research Scientist","medium","Married",19911,0,"No",17,"high","low",0,6,2,"low","Low(0-5 Years)",3,0,4,"NA",0
"191",1061,"51 to 60","No","Travel_Rarely","Low(100-450)","Research & Development","<=2 miles",2,"Life Sciences",1483,"medium","Male","Very High (81-110)","very high",2,"Research Scientist","high","Married",2721,0,"No",24,"very high","low",1,13,2,"medium","Medium (11-15 Years)",9,2,8,"NA",0
"192",1062,"29 to 39","No","Travel_Frequently","Low(100-450)","Research & Development","10-15 miles",4,"Life Sciences",1615,"high","Male","Medium (41-60)","very high",2,"Manufacturing Director","very high","Divorced",17000,1,"No",13,"high","low",1,9,3,"high","low-Medium (6-10 Years)",7,7,2,"NA",0
"193",1063,"29 to 39","No","Travel_Frequently","Very High (1151-1500)","Research & Development","6-9 miles",3,"Life Sciences",692,"high","Male","Low(0-40)","high",2,"Healthcare Representative","very high","Divorced",5335,3,"No",23,"very high","high",1,15,2,"low","Medium (11-15 Years)",11,4,7,"NA",0
"194",1064,"18 to 28","Yes","Travel_Rarely","Low(100-450)","Sales","6-9 miles",3,"Life Sciences",1702,"high","Male","Very High (81-110)","high",1,"Sales Representative","very high","Divorced",25103,1,"Yes",21,"very high","medium",1,3,2,"high","Low(0-5 Years)",2,0,2,"NA",1
"195",1065,"51 to 60","No","Non-Travel","Low(100-450)","Research & Development","<=2 miles",4,"Life Sciences",422,"very high","Male","Low(0-40)","low",2,"Healthcare Representative","high","Divorced",17056,2,"Yes",13,"high","very high",1,12,2,"high","Low(0-5 Years)",3,1,2,"NA",0
"196",1066,"18 to 28","No","Travel_Rarely","Medium (451-800)","Research & Development","6-9 miles",1,"Medical",758,"medium","Male","Low(0-40)","high",1,"Laboratory Technician","low","Married",4344,1,"No",14,"high","very high",1,5,2,"very high","Low(0-5 Years)",3,0,2,"NA",0
"197",1067,"40 to 50","No","Travel_Rarely","Very High (1151-1500)","Research & Development","<=2 miles",4,"Medical",2051,"high","Female","Very High (81-110)","high",1,"Research Scientist","high","Married",12549,2,"No",14,"high","medium",3,20,2,"high","Low(0-5 Years)",3,0,2,"NA",0
"198",1068,"51 to 60","No","Travel_Rarely","Low(100-450)","Research & Development","6-9 miles",3,"Life Sciences",549,"low","Female","Medium (41-60)","high",5,"Manager","low","Married",3854,5,"No",11,"high","very high",0,33,5,"low","Very High (26-30 Years)",8,11,10,"NA",0
"199",1069,"29 to 39","No","Travel_Frequently","Low(100-450)","Sales","6-9 miles",3,"Medical",1477,"very high","Male","Medium (41-60)","high",2,"Sales Executive","low","Married",17456,0,"No",14,"high","low",2,5,2,"high","Low(0-5 Years)",3,0,3,"NA",0
"200",1070,"40 to 50","No","Travel_Rarely","Low(100-450)","Sales","6-9 miles",4,"Marketing",738,"very high","Male","Medium (41-60)","high",1,"Sales Representative","medium","Married",9983,7,"No",15,"high","very high",1,4,2,"high","Low(0-5 Years)",2,2,2,"NA",0
"201",1071,"18 to 28","No","Travel_Rarely","Very High (1151-1500)","Sales","10-15 miles",3,"Medical",1364,"high","Female","Very High (81-110)","very high",1,"Sales Representative","very high","Married",6527,8,"No",14,"high","medium",1,5,4,"high","Low(0-5 Years)",0,0,0,"NA",0
"202",1072,"29 to 39","No","Travel_Rarely","Medium (451-800)","Research & Development","6-9 miles",2,"Medical",524,"medium","Female","Low(0-40)","high",2,"Manufacturing Director","low","Married",4156,1,"No",12,"high","medium",1,13,5,"low","Medium (11-15 Years)",10,3,12,"NA",0
"203",1073,"18 to 28","No","Travel_Rarely","Medium (451-800)","Sales",">=16",3,"Marketing",1226,"high","Male","Medium (41-60)","very high",1,"Sales Representative","very high","Single",5050,1,"No",17,"high","very high",0,2,2,"high","Low(0-5 Years)",1,2,2,"NA",0
"204",1074,"29 to 39","No","Travel_Rarely","Low(100-450)","Research & Development",">=16",3,"Life Sciences",1763,"high","Male","Medium (41-60)","very high",2,"Healthcare Representative","high","Married",9128,3,"No",16,"high","high",1,10,3,"high","low-Medium (6-10 Years)",0,1,7,"NA",0
"205",1075,"51 to 60","No","Travel_Rarely","Very High (1151-1500)","Sales","10-15 miles",5,"Marketing",1935,"very high","Female","Very High (81-110)","medium",2,"Sales Executive","low","Married",20328,4,"No",16,"high","high",1,6,3,"high","Low(0-5 Years)",0,0,0,"NA",0
"206",1076,"40 to 50","No","Travel_Rarely","Very High (1151-1500)","Sales","<=2 miles",3,"Marketing",1204,"high","Female","High (61-80)","high",4,"Manager","low","Married",24097,8,"No",23,"very high","low",0,28,2,"high","Very High (26-30 Years)",15,15,9,"NA",0
"207",1077,"51 to 60","No","Travel_Rarely","Very High (1151-1500)","Research & Development","3-5 miles",3,"Other",32,"high","Female","Medium (41-60)","high",5,"Manager","high","Divorced",10735,4,"No",11,"high","very high",1,26,3,"medium","Medium (11-15 Years)",13,4,8,"NA",0
"208",1078,"29 to 39","No","Travel_Rarely","Low(100-450)","Research & Development",">=16",3,"Life Sciences",1881,"medium","Male","Very High (81-110)","high",2,"Laboratory Technician","high","Divorced",18624,1,"No",11,"high","low",1,10,2,"high","low-Medium (6-10 Years)",8,0,2,"NA",0
"209",1079,"29 to 39","No","Travel_Rarely","Medium (451-800)","Research & Development","3-5 miles",3,"Technical Degree",397,"high","Male","Low(0-40)","high",2,"Research Scientist","medium","Single",26285,4,"No",12,"high","very high",0,10,2,"high","low-Medium (6-10 Years)",0,7,7,"NA",0
"210",1080,"40 to 50","No","Travel_Frequently","Medium (451-800)","Research & Development",">=16",2,"Life Sciences",547,"low","Female","Very High (81-110)","high",2,"Research Scientist","high","Divorced",12932,2,"No",11,"high","medium",1,19,3,"high","Low(0-5 Years)",4,0,2,"NA",0
"211",1081,"40 to 50","No","Travel_Rarely","Very High (1151-1500)","Research & Development","<=2 miles",4,"Life Sciences",2048,"high","Male","Medium (41-60)","medium",1,"Research Scientist","high","Single",2725,2,"No",14,"high","very high",0,8,2,"high","Low(0-5 Years)",2,2,2,"NA",0
"212",1082,"29 to 39","No","Travel_Rarely","Low(100-450)","Research & Development","<=2 miles",4,"Life Sciences",2052,"high","Female","High (61-80)","low",1,"Research Scientist","very high","Married",8952,1,"No",12,"high","very high",1,4,5,"high","Low(0-5 Years)",3,1,1,"NA",0
"213",1083,"18 to 28","Yes","Travel_Frequently","Medium (451-800)","Sales","6-9 miles",3,"Marketing",2023,"very high","Male","Low(0-40)","high",1,"Sales Representative","low","Married",26956,1,"No",19,"high","low",1,1,3,"medium","Low(0-5 Years)",0,1,0,"NA",1
"214",1084,"29 to 39","No","Travel_Rarely","Medium (451-800)","Sales","<=2 miles",3,"Marketing",600,"medium","Male","Very High (81-110)","high",2,"Sales Executive","high","Married",18659,9,"No",11,"high","high",0,15,2,"high","Medium (11-15 Years)",9,6,9,"NA",0
"215",1085,"29 to 39","No","Travel_Frequently","Low(100-450)","Research & Development",">=16",3,"Life Sciences",12,"very high","Male","Medium (41-60)","medium",3,"Manufacturing Director","high","Single",8787,0,"No",21,"very high","medium",0,10,2,"high","low-Medium (6-10 Years)",7,1,8,"NA",0
"216",1086,"40 to 50","No","Travel_Frequently","Medium (451-800)","Sales","3-5 miles",4,"Life Sciences",729,"very high","Male","Medium (41-60)","medium",3,"Sales Executive","low","Married",23772,5,"Yes",21,"very high","high",1,20,2,"high","Medium-High (16-20 Years)",13,1,12,"NA",0
"217",1087,"29 to 39","No","Travel_Rarely","High (801-1150)","Sales","3-5 miles",3,"Technical Degree",1749,"low","Male","Medium (41-60)","high",2,"Sales Executive","high","Married",20943,1,"No",19,"high","high",1,6,3,"high","Low(0-5 Years)",2,0,2,"NA",0
"218",1088,"29 to 39","No","Travel_Rarely","Low(100-450)","Research & Development","<=2 miles",5,"Medical",773,"very high","Male","Very High (81-110)","high",1,"Research Scientist","high","Married",20471,6,"Yes",13,"high","medium",1,6,0,"low","Low(0-5 Years)",0,0,1,"NA",0
"219",1089,"29 to 39","No","Travel_Rarely","Medium (451-800)","Research & Development","3-5 miles",4,"Technical Degree",423,"high","Male","Very High (81-110)","high",1,"Research Scientist","very high","Married",10077,0,"Yes",12,"high","high",1,6,4,"high","Low(0-5 Years)",2,0,3,"NA",0
"220",1090,"18 to 28","No","Travel_Rarely","Low(100-450)","Sales","10-15 miles",3,"Marketing",1403,"very high","Female","Very High (81-110)","medium",2,"Sales Executive","very high","Married",7100,1,"Yes",11,"high","very high",0,6,3,"high","low-Medium (6-10 Years)",2,4,4,"NA",0
"221",1091,"29 to 39","No","Travel_Rarely","Low(100-450)","Sales","10-15 miles",1,"Marketing",463,"very high","Female","Low(0-40)","medium",2,"Sales Executive","medium","Divorced",11866,1,"Yes",14,"high","low",2,7,2,"high","low-Medium (6-10 Years)",7,1,7,"NA",0
"222",1092,"29 to 39","No","Non-Travel","Low(100-450)","Sales","10-15 miles",4,"Marketing",2036,"very high","Male","Very High (81-110)","low",2,"Sales Executive","very high","Divorced",10436,1,"No",24,"very high","low",1,15,4,"medium","Medium (11-15 Years)",12,11,11,"NA",0
"223",1093,"29 to 39","No","Travel_Frequently","Medium (451-800)","Research & Development","10-15 miles",3,"Other",306,"medium","Male","Medium (41-60)","high",3,"Research Director","very high","Divorced",10056,1,"Yes",14,"high","high",3,10,1,"high","low-Medium (6-10 Years)",8,0,7,"NA",0
"224",1094,"40 to 50","No","Travel_Rarely","Low(100-450)","Sales","10-15 miles",3,"Technical Degree",1239,"medium","Female","Very High (81-110)","medium",2,"Sales Executive","medium","Divorced",11591,7,"No",12,"high","medium",1,7,2,"very high","Low(0-5 Years)",1,1,3,"NA",0
"225",1095,"18 to 28","No","Non-Travel","Medium (451-800)","Research & Development","3-5 miles",2,"Life Sciences",369,"medium","Male","Very High (81-110)","very high",2,"Healthcare Representative","low","Divorced",18384,1,"No",12,"high","very high",2,6,2,"high","low-Medium (6-10 Years)",3,1,5,"NA",0
"226",1096,"29 to 39","No","Travel_Rarely","Low(100-450)","Research & Development","<=2 miles",4,"Life Sciences",635,"medium","Female","High (61-80)","high",2,"Manufacturing Director","medium","Married",15701,6,"No",12,"high","medium",1,8,2,"medium","low-Medium (6-10 Years)",5,4,3,"NA",0
"227",1097,"29 to 39","No","Travel_Rarely","High (801-1150)","Research & Development","<=2 miles",2,"Medical",340,"high","Female","Very High (81-110)","medium",1,"Research Scientist","low","Married",18697,2,"No",14,"high","low",1,17,2,"medium","Low(0-5 Years)",1,0,2,"NA",0
"228",1098,"29 to 39","Yes","Travel_Frequently","Medium (451-800)","Human Resources","6-9 miles",3,"Human Resources",1747,"high","Female","High (61-80)","medium",1,"Human Resources","very high","Divorced",9732,6,"No",11,"high","high",1,6,0,"medium","Low(0-5 Years)",2,1,2,"NA",1
"229",1099,"29 to 39","No","Travel_Rarely","High (801-1150)","Research & Development","<=2 miles",3,"Medical",471,"high","Female","High (61-80)","high",1,"Laboratory Technician","medium","Married",3956,1,"No",13,"high","high",1,8,4,"high","low-Medium (6-10 Years)",0,0,7,"NA",0
"230",1100,"29 to 39","Yes","Travel_Rarely","Low(100-450)","Research & Development","10-15 miles",4,"Medical",1809,"very high","Male","Medium (41-60)","high",2,"Manufacturing Director","low","Single",4992,1,"No",15,"high","medium",0,10,4,"low","low-Medium (6-10 Years)",3,0,8,"NA",1
"231",1101,"40 to 50","No","Travel_Rarely","High (801-1150)","Research & Development","3-5 miles",1,"Medical",253,"very high","Female","Medium (41-60)","high",5,"Manager","high","Married",6499,1,"No",14,"high","medium",1,21,2,"high","Medium-High (16-20 Years)",8,9,9,"NA",0
"232",1102,"40 to 50","No","Travel_Rarely","Medium (451-800)","Sales","<=2 miles",2,"Marketing",516,"very high","Female","Medium (41-60)","high",2,"Sales Executive","medium","Divorced",22553,7,"No",12,"high","high",2,8,5,"high","Low(0-5 Years)",4,1,3,"NA",0
"233",1103,"29 to 39","No","Non-Travel","Very High (1151-1500)","Sales","<=2 miles",2,"Life Sciences",361,"very high","Male","Low(0-40)","medium",2,"Sales Executive","very high","Married",19682,3,"No",18,"high","very high",1,13,0,"high","low-Medium (6-10 Years)",7,7,5,"NA",0
"234",1104,"51 to 60","No","Travel_Rarely","Medium (451-800)","Sales","6-9 miles",2,"Marketing",862,"low","Female","High (61-80)","medium",3,"Sales Executive","very high","Married",20715,7,"Yes",18,"high","very high",1,35,3,"high","Low(0-5 Years)",2,0,4,"NA",0
"235",1105,"29 to 39","No","Travel_Rarely","Low(100-450)","Research & Development","6-9 miles",4,"Other",949,"medium","Male","High (61-80)","high",1,"Research Scientist","very high","Single",23293,2,"No",18,"high","high",0,8,6,"high","low-Medium (6-10 Years)",2,0,1,"NA",0
"236",1106,"29 to 39","No","Travel_Frequently","Medium (451-800)","Research & Development","10-15 miles",3,"Life Sciences",1143,"very high","Female","High (61-80)","high",1,"Research Scientist","medium","Divorced",17940,0,"No",14,"high","very high",2,8,2,"medium","low-Medium (6-10 Years)",5,1,1,"NA",0
"237",1107,"18 to 28","No","Travel_Rarely","High (801-1150)","Research & Development","10-15 miles",3,"Life Sciences",1244,"low","Male","Medium (41-60)","high",1,"Research Scientist","low","Married",14377,1,"Yes",14,"high","very high",2,9,3,"medium","low-Medium (6-10 Years)",7,6,8,"NA",0
"238",1108,"40 to 50","No","Travel_Rarely","High (801-1150)","Human Resources","<=2 miles",4,"Life Sciences",665,"low","Female","Medium (41-60)","medium",2,"Human Resources","high","Single",26894,4,"No",11,"high","medium",0,10,1,"very high","Low(0-5 Years)",2,0,2,"NA",0
"239",1109,"18 to 28","No","Travel_Frequently","Very High (1151-1500)","Sales",">=16",3,"Life Sciences",293,"very high","Female","Very High (81-110)","high",2,"Sales Executive","high","Single",12916,1,"No",14,"high","very high",0,7,2,"high","low-Medium (6-10 Years)",7,0,7,"NA",0
"240",1110,"29 to 39","No","Travel_Rarely","Medium (451-800)","Sales",">=16",4,"Medical",1945,"medium","Male","High (61-80)","high",2,"Sales Executive","low","Married",15975,0,"No",16,"high","very high",1,6,2,"low","Low(0-5 Years)",3,0,4,"NA",0
"241",1111,"29 to 39","No","Non-Travel","Low(100-450)","Research & Development","6-9 miles",4,"Life Sciences",1630,"high","Female","Medium (41-60)","high",2,"Healthcare Representative","high","Married",12250,1,"No",12,"high","very high",1,15,5,"high","Medium (11-15 Years)",11,2,9,"NA",0
"242",1112,"51 to 60","No","Travel_Rarely","High (801-1150)","Sales","<=2 miles",2,"Technical Degree",1048,"medium","Male","High (61-80)","high",3,"Manager","very high","Married",11038,3,"Yes",14,"high","high",1,14,1,"low","low-Medium (6-10 Years)",4,0,4,"NA",0
"243",1113,"29 to 39","Yes","Travel_Rarely","Very High (1151-1500)","Research & Development","10-15 miles",1,"Medical",582,"medium","Male","Medium (41-60)","high",3,"Manager","high","Married",24619,7,"Yes",12,"high","very high",0,15,2,"very high","low-Medium (6-10 Years)",6,7,7,"NA",1
"244",1114,"40 to 50","Yes","Travel_Frequently","Medium (451-800)","Sales","6-9 miles",2,"Technical Degree",723,"medium","Male","Medium (41-60)","high",2,"Sales Executive","high","Married",23452,3,"Yes",14,"high","low",1,18,4,"high","Low(0-5 Years)",3,1,3,"NA",1
"245",1115,"40 to 50","No","Travel_Rarely","Very High (1151-1500)","Research & Development",">=16",3,"Medical",1993,"low","Male","Very High (81-110)","high",3,"Healthcare Representative","high","Single",13084,2,"No",23,"very high","medium",0,25,3,"high","Medium-High (16-20 Years)",14,12,11,"NA",0
"246",1116,"18 to 28","No","Travel_Frequently","High (801-1150)","Research & Development","10-15 miles",3,"Life Sciences",1870,"very high","Female","High (61-80)","medium",1,"Research Scientist","low","Married",23844,0,"No",19,"high","very high",1,8,2,"medium","low-Medium (6-10 Years)",6,7,3,"NA",0
"247",1117,"29 to 39","No","Travel_Rarely","Very High (1151-1500)","Research & Development","10-15 miles",4,"Life Sciences",518,"high","Male","Medium (41-60)","high",2,"Manufacturing Director","medium","Single",21123,2,"Yes",12,"high","very high",0,18,2,"medium","Low(0-5 Years)",0,0,1,"NA",0
"248",1118,"18 to 28","No","Non-Travel","Very High (1151-1500)","Research & Development","<=2 miles",3,"Life Sciences",1315,"high","Female","Medium (41-60)","low",2,"Laboratory Technician","very high","Married",16392,0,"No",11,"high","low",3,10,6,"high","low-Medium (6-10 Years)",8,7,5,"NA",0
"249",1119,"51 to 60","No","Travel_Rarely","Very High (1151-1500)","Research & Development","3-5 miles",3,"Technical Degree",940,"high","Female","Low(0-40)","medium",3,"Healthcare Representative","medium","Divorced",9255,2,"Yes",13,"high","very high",1,24,3,"high","low-Medium (6-10 Years)",0,0,4,"NA",0
"250",1120,"29 to 39","No","Travel_Rarely","Low(100-450)","Sales","10-15 miles",3,"Technical Degree",666,"high","Female","Low(0-40)","high",1,"Sales Representative","high","Divorced",2912,1,"Yes",18,"high","very high",2,8,3,"high","low-Medium (6-10 Years)",2,0,6,"NA",0
"251",1121,"40 to 50","Yes","Travel_Rarely","Low(100-450)","Sales",">=16",3,"Marketing",2055,"very high","Male","Low(0-40)","medium",3,"Sales Executive","low","Divorced",16586,4,"Yes",13,"high","medium",1,20,3,"high","Low(0-5 Years)",2,2,0,"NA",1
"252",1122,"40 to 50","No","Non-Travel","Very High (1151-1500)","Research & Development","<=2 miles",4,"Medical",1116,"low","Male","Low(0-40)","very high",4,"Manager","very high","Single",16154,2,"No",22,"very high","high",0,27,3,"medium","Low(0-5 Years)",4,2,1,"NA",0
"253",1123,"29 to 39","No","Travel_Frequently","High (801-1150)","Research & Development","<=2 miles",3,"Life Sciences",1956,"very high","Male","Medium (41-60)","low",2,"Research Scientist","low","Married",5771,1,"No",21,"very high","medium",0,10,6,"high","low-Medium (6-10 Years)",8,8,7,"NA",0
"254",1124,"40 to 50","No","Non-Travel","Very High (1151-1500)","Research & Development","<=2 miles",2,"Medical",264,"low","Male","High (61-80)","medium",4,"Manager","very high","Married",20462,9,"No",23,"very high","very high",1,22,1,"high","Medium-High (16-20 Years)",8,11,8,"NA",0
"255",1125,"29 to 39","No","Travel_Rarely","Very High (1151-1500)","Research & Development",">=16",3,"Technical Degree",1265,"high","Female","Very High (81-110)","very high",1,"Research Scientist","high","Married",21643,0,"No",17,"high","very high",0,2,5,"medium","Low(0-5 Years)",0,0,0,"NA",0
"256",1126,"18 to 28","Yes","Travel_Frequently","Medium (451-800)","Sales","<=2 miles",1,"Technical Degree",235,"high","Female","Very High (81-110)","low",1,"Sales Representative","low","Single",20989,0,"No",21,"very high","low",0,1,5,"very high","Low(0-5 Years)",0,0,0,"NA",1
"257",1127,"18 to 28","Yes","Travel_Frequently","Very High (1151-1500)","Research & Development","6-9 miles",3,"Life Sciences",647,"low","Female","Medium (41-60)","high",1,"Laboratory Technician","high","Married",14168,1,"Yes",16,"high","very high",1,6,4,"high","low-Medium (6-10 Years)",3,1,2,"NA",1
"258",1128,"51 to 60","No","Travel_Rarely","Very High (1151-1500)","Research & Development","10-15 miles",4,"Life Sciences",813,"very high","Female","Very High (81-110)","high",2,"Laboratory Technician","high","Married",21821,8,"No",20,"very high","medium",1,9,3,"high","Low(0-5 Years)",2,1,4,"NA",0
"259",1129,"40 to 50","No","Travel_Rarely","Low(100-450)","Sales","<=2 miles",4,"Life Sciences",410,"very high","Male","Very High (81-110)","high",4,"Manager","medium","Single",15896,1,"No",19,"high","medium",0,22,2,"high","High (21-25 Years)",10,0,4,"NA",0
"260",1130,"18 to 28","No","Travel_Rarely","Low(100-450)","Research & Development","6-9 miles",1,"Life Sciences",1019,"medium","Male","Very High (81-110)","low",1,"Laboratory Technician","low","Married",6881,1,"No",15,"high","low",1,4,3,"medium","Low(0-5 Years)",3,1,1,"NA",0
"261",1131,"29 to 39","No","Travel_Frequently","Very High (1151-1500)","Research & Development","3-5 miles",4,"Medical",337,"medium","Male","High (61-80)","high",3,"Research Director","high","Divorced",13523,9,"No",12,"high","low",1,9,3,"high","Low(0-5 Years)",2,2,2,"NA",0
"262",1132,"29 to 39","No","Travel_Rarely","Low(100-450)","Research & Development","10-15 miles",4,"Medical",1307,"high","Female","Very High (81-110)","medium",4,"Manager","medium","Divorced",17334,6,"Yes",13,"high","very high",2,21,4,"high","Medium-High (16-20 Years)",9,15,2,"NA",0
"263",1133,"40 to 50","No","Travel_Rarely","Medium (451-800)","Research & Development","<=2 miles",4,"Life Sciences",659,"high","Female","Very High (81-110)","high",2,"Healthcare Representative","very high","Married",5718,1,"No",13,"high","medium",2,10,4,"high","low-Medium (6-10 Years)",2,2,2,"NA",0
"264",1134,"29 to 39","No","Travel_Frequently","Low(100-450)","Research & Development","<=2 miles",3,"Medical",1675,"very high","Female","Medium (41-60)","medium",1,"Laboratory Technician","medium","Single",23826,1,"No",22,"very high","medium",0,4,3,"high","Low(0-5 Years)",3,3,3,"NA",0
"265",1135,"29 to 39","Yes","Travel_Rarely","High (801-1150)","Research & Development","6-9 miles",3,"Medical",190,"low","Female","Medium (41-60)","high",1,"Laboratory Technician","low","Single",10224,7,"No",22,"very high","low",0,10,2,"very high","Low(0-5 Years)",4,0,4,"NA",1
"266",1136,"18 to 28","No","Travel_Rarely","Low(100-450)","Research & Development","<=2 miles",2,"Medical",1083,"low","Male","Medium (41-60)","medium",1,"Laboratory Technician","low","Married",11141,1,"No",16,"high","low",2,6,2,"high","Low(0-5 Years)",3,1,3,"NA",0
"267",1137,"29 to 39","No","Travel_Rarely","High (801-1150)","Research & Development","10-15 miles",3,"Medical",486,"high","Female","Very High (81-110)","high",1,"Laboratory Technician","low","Married",17663,6,"No",20,"very high","medium",1,17,3,"high","Low(0-5 Years)",4,0,3,"NA",0
"268",1138,"40 to 50","No","Travel_Frequently","High (801-1150)","Sales","<=2 miles",3,"Marketing",1349,"high","Female","High (61-80)","high",2,"Sales Executive","low","Divorced",4297,0,"No",17,"high","very high",1,10,2,"high","low-Medium (6-10 Years)",3,1,7,"NA",0
"269",1139,"29 to 39","No","Travel_Rarely","Low(100-450)","Sales","3-5 miles",3,"Life Sciences",307,"low","Male","High (61-80)","high",3,"Sales Executive","high","Divorced",9647,0,"No",12,"high","high",2,17,6,"medium","Medium-High (16-20 Years)",10,5,13,"NA",0
"270",1140,"40 to 50","No","Travel_Rarely","Very High (1151-1500)","Research & Development","10-15 miles",2,"Life Sciences",1666,"high","Male","High (61-80)","medium",4,"Research Director","high","Married",3525,1,"No",24,"very high","low",1,14,3,"high","Medium (11-15 Years)",10,6,11,"NA",0
"271",1141,"29 to 39","No","Travel_Rarely","Very High (1151-1500)","Research & Development",">=16",3,"Medical",367,"medium","Male","High (61-80)","medium",2,"Healthcare Representative","very high","Married",14408,0,"No",21,"very high","medium",1,10,2,"high","low-Medium (6-10 Years)",0,7,8,"NA",0
"272",1142,"40 to 50","No","Travel_Rarely","Medium (451-800)","Sales","6-9 miles",4,"Marketing",35,"high","Male","Medium (41-60)","high",2,"Sales Executive","medium","Married",21173,0,"No",11,"high","very high",1,10,2,"high","low-Medium (6-10 Years)",7,4,2,"NA",0
"273",1143,"40 to 50","No","Travel_Rarely","Very High (1151-1500)","Research & Development","3-5 miles",4,"Life Sciences",1024,"high","Male","High (61-80)","medium",3,"Healthcare Representative","high","Single",22245,7,"No",14,"high","medium",0,27,3,"high","Medium (11-15 Years)",11,4,8,"NA",0
"274",1144,"18 to 28","No","Travel_Rarely","High (801-1150)","Sales","3-5 miles",4,"Medical",916,"low","Male","Very High (81-110)","high",2,"Sales Executive","very high","Single",24252,1,"No",14,"high","medium",0,4,3,"high","Low(0-5 Years)",2,0,2,"NA",0
"275",1145,"40 to 50","No","Travel_Frequently","Medium (451-800)","Human Resources","<=2 miles",5,"Human Resources",1642,"low","Male","Low(0-40)","high",2,"Human Resources","very high","Married",10503,4,"Yes",11,"high","high",0,14,3,"high","low-Medium (6-10 Years)",7,0,2,"NA",0
"276",1146,"40 to 50","No","Travel_Rarely","Low(100-450)","Sales",">=16",3,"Life Sciences",2046,"very high","Female","Medium (41-60)","high",2,"Sales Executive","high","Single",23333,8,"No",15,"high","high",0,8,3,"high","Low(0-5 Years)",3,0,1,"NA",0
"277",1147,"29 to 39","No","Travel_Rarely","Medium (451-800)","Research & Development","6-9 miles",3,"Medical",2068,"medium","Male","Very High (81-110)","very high",2,"Laboratory Technician","high","Married",10228,2,"No",12,"high","low",0,6,3,"very high","Low(0-5 Years)",3,1,2,"NA",0
"278",1148,"29 to 39","No","Travel_Rarely","Medium (451-800)","Research & Development","3-5 miles",3,"Medical",1916,"low","Female","High (61-80)","very high",1,"Laboratory Technician","high","Divorced",16031,8,"No",12,"high","medium",1,4,0,"medium","Low(0-5 Years)",2,2,2,"NA",0
"279",1149,"29 to 39","No","Travel_Rarely","High (801-1150)","Research & Development","<=2 miles",3,"Life Sciences",1249,"low","Female","Very High (81-110)","high",1,"Research Scientist","very high","Divorced",5598,1,"No",15,"high","low",3,3,5,"high","Low(0-5 Years)",2,1,2,"NA",0
"280",1150,"29 to 39","No","Travel_Rarely","Low(100-450)","Research & Development","<=2 miles",3,"Life Sciences",117,"high","Male","Very High (81-110)","medium",2,"Healthcare Representative","very high","Married",15830,1,"No",19,"high","low",3,11,3,"high","Medium (11-15 Years)",10,10,8,"NA",0
"281",1151,"29 to 39","No","Travel_Frequently","Medium (451-800)","Research & Development","6-9 miles",3,"Life Sciences",1382,"very high","Male","Medium (41-60)","very high",1,"Research Scientist","high","Divorced",15748,1,"No",11,"high","very high",3,4,2,"high","Low(0-5 Years)",2,0,3,"NA",0
"282",1152,"18 to 28","No","Travel_Frequently","Medium (451-800)","Sales","<=2 miles",1,"Life Sciences",1371,"very high","Male","Medium (41-60)","low",2,"Sales Executive","very high","Single",20392,3,"No",20,"very high","medium",0,8,3,"high","low-Medium (6-10 Years)",2,0,0,"NA",0
"283",1153,"51 to 60","No","Travel_Frequently","High (801-1150)","Research & Development",">=16",4,"Life Sciences",450,"very high","Female","Low(0-40)","high",2,"Research Scientist","high","Single",16885,3,"No",12,"high","very high",0,20,4,"medium","Low(0-5 Years)",3,0,3,"NA",0
"284",1154,"18 to 28","Yes","Travel_Rarely","Very High (1151-1500)","Research & Development","10-15 miles",1,"Life Sciences",1175,"high","Female","High (61-80)","high",1,"Laboratory Technician","very high","Married",22955,1,"Yes",11,"high","very high",0,1,4,"medium","Low(0-5 Years)",1,0,0,"NA",1
"285",1155,"40 to 50","No","Travel_Rarely","Medium (451-800)","Research & Development",">=16",4,"Medical",170,"high","Female","Very High (81-110)","high",2,"Manufacturing Director","low","Married",5549,1,"No",14,"high","high",0,16,2,"medium","Medium (11-15 Years)",11,5,11,"NA",0
"286",1156,"51 to 60","No","Travel_Rarely","Low(100-450)","Research & Development","3-5 miles",3,"Medical",258,"very high","Female","Very High (81-110)","high",4,"Healthcare Representative","medium","Single",7192,3,"No",18,"high","high",0,21,6,"high","low-Medium (6-10 Years)",7,1,0,"NA",0
"287",1157,"29 to 39","Yes","Travel_Rarely","Low(100-450)","Sales","<=2 miles",3,"Medical",896,"medium","Female","Medium (41-60)","medium",1,"Sales Representative","high","Divorced",23522,6,"Yes",19,"high","high",3,5,3,"high","Low(0-5 Years)",2,0,2,"NA",1
"288",1158,"29 to 39","No","Travel_Rarely","Low(100-450)","Research & Development","<=2 miles",4,"Other",1847,"very high","Female","High (61-80)","high",2,"Research Scientist","medium","Married",19573,4,"Yes",22,"very high","very high",1,15,2,"high","Low(0-5 Years)",0,0,0,"NA",0
"289",1159,"18 to 28","No","Travel_Rarely","Low(100-450)","Research & Development","6-9 miles",3,"Life Sciences",1162,"very high","Male","Medium (41-60)","medium",1,"Research Scientist","high","Married",7950,1,"No",13,"high","high",1,4,0,"high","Low(0-5 Years)",2,2,2,"NA",0
"290",1160,"29 to 39","No","Travel_Rarely","Low(100-450)","Research & Development","6-9 miles",2,"Medical",178,"medium","Male","Very High (81-110)","high",2,"Manufacturing Director","medium","Divorced",2819,6,"No",20,"very high","very high",2,7,0,"high","Low(0-5 Years)",2,0,1,"NA",0
"291",1161,"40 to 50","Yes","Travel_Rarely","High (801-1150)","Research & Development","10-15 miles",4,"Life Sciences",1200,"high","Male","Very High (81-110)","high",1,"Research Scientist","high","Single",10826,1,"Yes",11,"high","high",0,6,4,"high","low-Medium (6-10 Years)",4,0,2,"NA",1
"292",1162,"29 to 39","No","Travel_Rarely","Low(100-450)","Research & Development","<=2 miles",3,"Life Sciences",743,"high","Female","Very High (81-110)","high",3,"Manufacturing Director","high","Single",15397,4,"Yes",14,"high","very high",0,10,4,"very high","Low(0-5 Years)",0,0,0,"NA",0
"293",1163,"29 to 39","No","Travel_Frequently","Medium (451-800)","Research & Development",">=16",1,"Medical",1852,"very high","Male","Low(0-40)","high",1,"Laboratory Technician","very high","Married",7003,1,"No",13,"high","medium",0,11,3,"very high","Medium (11-15 Years)",8,3,10,"NA",0
"294",1164,"29 to 39","No","Travel_Rarely","Medium (451-800)","Research & Development","<=2 miles",3,"Technical Degree",623,"medium","Female","Medium (41-60)","high",3,"Manufacturing Director","very high","Single",23848,4,"No",17,"high","very high",0,12,3,"very high","low-Medium (6-10 Years)",5,1,2,"NA",0
"295",1165,"18 to 28","Yes","Travel_Frequently","High (801-1150)","Research & Development","3-5 miles",2,"Medical",848,"high","Female","Very High (81-110)","medium",1,"Research Scientist","high","Married",20898,1,"Yes",14,"high","low",1,8,2,"high","low-Medium (6-10 Years)",7,1,7,"NA",1
"296",1166,"29 to 39","No","Travel_Frequently","Low(100-450)","Research & Development","10-15 miles",3,"Other",1234,"high","Female","High (61-80)","medium",1,"Laboratory Technician","medium","Married",7331,1,"No",20,"very high","high",1,2,2,"high","Low(0-5 Years)",2,2,2,"NA",0
"297",1167,"40 to 50","No","Travel_Rarely","Very High (1151-1500)","Research & Development",">=16",4,"Technical Degree",1092,"low","Male","High (61-80)","high",3,"Healthcare Representative","very high","Married",26542,4,"No",20,"very high","very high",1,14,6,"high","Medium (11-15 Years)",10,11,1,"NA",0
"298",1168,"29 to 39","No","Travel_Rarely","High (801-1150)","Sales","10-15 miles",3,"Technical Degree",533,"medium","Female","Very High (81-110)","high",2,"Sales Executive","high","Single",19558,0,"No",11,"high","medium",0,6,6,"high","Low(0-5 Years)",4,4,4,"NA",0
"299",1169,"18 to 28","No","Travel_Rarely","Medium (451-800)","Research & Development","6-9 miles",4,"Medical",655,"low","Female","High (61-80)","medium",1,"Research Scientist","high","Divorced",5013,0,"No",12,"high","high",2,6,5,"medium","Low(0-5 Years)",3,0,3,"NA",0
"300",1170,"29 to 39","No","Travel_Rarely","Low(100-450)","Research & Development",">=16",3,"Life Sciences",267,"medium","Male","High (61-80)","very high",1,"Research Scientist","low","Married",22977,1,"Yes",12,"high","low",1,8,3,"medium","low-Medium (6-10 Years)",7,1,7,"NA",0
